country_region_code,country_region,sub_region_1,sub_region_2,metro_area,iso_3166_2_code,census_fips_code,place_id,date,retail_and_recreation_percent_change_from_baseline,grocery_and_pharmacy_percent_change_from_baseline,parks_percent_change_from_baseline,transit_stations_percent_change_from_baseline,workplaces_percent_change_from_baseline,residential_percent_change_from_baseline
GA,Gabon,,,,,,ChIJ7fM4VIo7fxARFWt4Ng7DDHs,2021-01-01,-40,-42,36,-31,-69,18
GA,Gabon,,,,,,ChIJ7fM4VIo7fxARFWt4Ng7DDHs,2021-01-02,-20,-15,47,1,-23,10
GA,Gabon,,,,,,ChIJ7fM4VIo7fxARFWt4Ng7DDHs,2021-01-03,-10,-5,43,11,-10,7
GA,Gabon,,,,,,ChIJ7fM4VIo7fxARFWt4Ng7DDHs,2021-01-04,-8,-7,41,11,-12,6
GA,Gabon,,,,,,ChIJ7fM4VIo7fxARFWt4Ng7DDHs,2021-01-05,-8,-6,45,15,-10,5
GA,Gabon,,,,,,ChIJ7fM4VIo7fxARFWt4Ng7DDHs,2021-01-06,-8,-7,35,10,-9,6
GA,Gabon,,,,,,ChIJ7fM4VIo7fxARFWt4Ng7DDHs,2021-01-07,-8,-5,39,8,-7,5
GA,Gabon,,,,,,ChIJ7fM4VIo7fxARFWt4Ng7DDHs,2021-01-08,-6,-5,40,9,-6,4
GA,Gabon,,,,,,ChIJ7fM4VIo7fxARFWt4Ng7DDHs,2021-01-09,-10,-10,43,4,-7,2
GA,Gabon,,,,,,ChIJ7fM4VIo7fxARFWt4Ng7DDHs,2021-01-10,-11,-9,30,-1,-11,4
GA,Gabon,,,,,,ChIJ7fM4VIo7fxARFWt4Ng7DDHs,2021-01-11,-5,-8,34,12,-9,2
GA,Gabon,,,,,,ChIJ7fM4VIo7fxARFWt4Ng7DDHs,2021-01-12,-11,-12,37,3,-10,2
GA,Gabon,,,,,,ChIJ7fM4VIo7fxARFWt4Ng7DDHs,2021-01-13,-14,-19,28,3,-13,2
GA,Gabon,,,,,,ChIJ7fM4VIo7fxARFWt4Ng7DDHs,2021-01-14,-12,-14,32,0,-14,0
GA,Gabon,,,,,,ChIJ7fM4VIo7fxARFWt4Ng7DDHs,2021-01-15,-13,-15,31,-2,-15,1
GA,Gabon,,,,,,ChIJ7fM4VIo7fxARFWt4Ng7DDHs,2021-01-16,-18,-20,29,-6,-18,1
GA,Gabon,,,,,,ChIJ7fM4VIo7fxARFWt4Ng7DDHs,2021-01-17,-19,-19,16,-11,-23,3
GA,Gabon,,,,,,ChIJ7fM4VIo7fxARFWt4Ng7DDHs,2021-01-18,-15,-18,24,-3,-19,1
GA,Gabon,,,,,,ChIJ7fM4VIo7fxARFWt4Ng7DDHs,2021-01-19,-18,-19,22,-3,-17,1
GA,Gabon,,,,,,ChIJ7fM4VIo7fxARFWt4Ng7DDHs,2021-01-20,-16,-20,29,-4,-17,2
GA,Gabon,,,,,,ChIJ7fM4VIo7fxARFWt4Ng7DDHs,2021-01-21,-17,-18,24,-2,-15,2
GA,Gabon,,,,,,ChIJ7fM4VIo7fxARFWt4Ng7DDHs,2021-01-22,-18,-18,54,-4,-13,3
GA,Gabon,,,,,,ChIJ7fM4VIo7fxARFWt4Ng7DDHs,2021-01-23,-19,-18,57,-3,-14,2
GA,Gabon,,,,,,ChIJ7fM4VIo7fxARFWt4Ng7DDHs,2021-01-24,-15,-15,38,-6,-18,3
GA,Gabon,,,,,,ChIJ7fM4VIo7fxARFWt4Ng7DDHs,2021-01-25,-15,-17,58,-1,-15,3
GA,Gabon,,,,,,ChIJ7fM4VIo7fxARFWt4Ng7DDHs,2021-01-26,-18,-14,55,-3,-16,3
GA,Gabon,,,,,,ChIJ7fM4VIo7fxARFWt4Ng7DDHs,2021-01-27,-20,-20,45,-7,-19,5
GA,Gabon,,,,,,ChIJ7fM4VIo7fxARFWt4Ng7DDHs,2021-01-28,-18,-13,55,1,-15,2
GA,Gabon,,,,,,ChIJ7fM4VIo7fxARFWt4Ng7DDHs,2021-01-29,-17,-9,36,5,-14,1
GA,Gabon,,,,,,ChIJ7fM4VIo7fxARFWt4Ng7DDHs,2021-01-30,-19,-10,37,-4,-17,-2
GA,Gabon,,,,,,ChIJ7fM4VIo7fxARFWt4Ng7DDHs,2021-01-31,-20,-6,23,-10,-22,-1
GA,Gabon,,,,,,ChIJ7fM4VIo7fxARFWt4Ng7DDHs,2021-02-01,-15,-10,27,-1,-18,-2
GA,Gabon,,,,,,ChIJ7fM4VIo7fxARFWt4Ng7DDHs,2021-02-02,-16,-9,32,-1,-18,-2
GA,Gabon,,,,,,ChIJ7fM4VIo7fxARFWt4Ng7DDHs,2021-02-03,-24,-19,22,-12,-20,-1
GA,Gabon,,,,,,ChIJ7fM4VIo7fxARFWt4Ng7DDHs,2021-02-04,-25,-18,23,-14,-21,-1
GA,Gabon,,,,,,ChIJ7fM4VIo7fxARFWt4Ng7DDHs,2021-02-05,-23,-17,27,-9,-19,0
GA,Gabon,,,,,,ChIJ7fM4VIo7fxARFWt4Ng7DDHs,2021-02-06,-23,-17,31,-12,-21,-1
GA,Gabon,,,,,,ChIJ7fM4VIo7fxARFWt4Ng7DDHs,2021-02-07,-23,-13,20,-17,-27,0
GA,Gabon,,,,,,ChIJ7fM4VIo7fxARFWt4Ng7DDHs,2021-02-08,-20,-17,25,-11,-22,-1
GA,Gabon,,,,,,ChIJ7fM4VIo7fxARFWt4Ng7DDHs,2021-02-09,-19,-12,29,-7,-22,-1
GA,Gabon,,,,,,ChIJ7fM4VIo7fxARFWt4Ng7DDHs,2021-02-10,-21,-18,27,-13,-21,-1
GA,Gabon,,,,,,ChIJ7fM4VIo7fxARFWt4Ng7DDHs,2021-02-11,-25,-21,16,-16,-24,0
GA,Gabon,,,,,,ChIJ7fM4VIo7fxARFWt4Ng7DDHs,2021-02-12,-23,-14,19,-11,-22,-4
GA,Gabon,,,,,,ChIJ7fM4VIo7fxARFWt4Ng7DDHs,2021-02-13,-30,-20,14,-16,-30,-3
GA,Gabon,,,,,,ChIJ7fM4VIo7fxARFWt4Ng7DDHs,2021-02-14,-24,-12,13,-16,-31,-2
GA,Gabon,,,,,,ChIJ7fM4VIo7fxARFWt4Ng7DDHs,2021-02-15,-29,-23,6,-16,-28,-3
GA,Gabon,,,,,,ChIJ7fM4VIo7fxARFWt4Ng7DDHs,2021-02-16,-28,-18,12,-11,-27,-3
GA,Gabon,,,,,,ChIJ7fM4VIo7fxARFWt4Ng7DDHs,2021-02-17,-27,-21,7,-18,-26,-2
GA,Gabon,,,,,,ChIJ7fM4VIo7fxARFWt4Ng7DDHs,2021-02-18,-28,-19,5,-16,-25,-3
GA,Gabon,,,,,,ChIJ7fM4VIo7fxARFWt4Ng7DDHs,2021-02-19,-31,-21,7,-20,-24,0
GA,Gabon,,,,,,ChIJ7fM4VIo7fxARFWt4Ng7DDHs,2021-02-20,-33,-24,6,-22,-27,0
GA,Gabon,,,,,,ChIJ7fM4VIo7fxARFWt4Ng7DDHs,2021-02-21,-32,-18,4,-25,-33,1
GA,Gabon,,,,,,ChIJ7fM4VIo7fxARFWt4Ng7DDHs,2021-02-22,-32,-27,-1,-23,-29,0
GA,Gabon,,,,,,ChIJ7fM4VIo7fxARFWt4Ng7DDHs,2021-02-23,-30,-22,7,-15,-27,-1
GA,Gabon,,,,,,ChIJ7fM4VIo7fxARFWt4Ng7DDHs,2021-02-24,-32,-24,11,-16,-28,1
GA,Gabon,,,,,,ChIJ7fM4VIo7fxARFWt4Ng7DDHs,2021-02-25,-26,-14,9,-9,-26,-1
GA,Gabon,,,,,,ChIJ7fM4VIo7fxARFWt4Ng7DDHs,2021-02-26,-24,-10,23,-6,-24,-2
GA,Gabon,,,,,,ChIJ7fM4VIo7fxARFWt4Ng7DDHs,2021-02-27,-25,-8,19,-12,-24,-4
GA,Gabon,,,,,,ChIJ7fM4VIo7fxARFWt4Ng7DDHs,2021-02-28,-24,-5,15,-15,-32,-3
GA,Gabon,,,,,,ChIJ7fM4VIo7fxARFWt4Ng7DDHs,2021-03-01,-24,-13,17,-13,-26,-4
GA,Gabon,,,,,,ChIJ7fM4VIo7fxARFWt4Ng7DDHs,2021-03-02,-22,-9,16,-4,-26,-3
GA,Gabon,,,,,,ChIJ7fM4VIo7fxARFWt4Ng7DDHs,2021-03-03,-21,-13,20,-8,-26,-3
GA,Gabon,,,,,,ChIJ7fM4VIo7fxARFWt4Ng7DDHs,2021-03-04,-23,-11,12,-9,-25,-3
GA,Gabon,,,,,,ChIJ7fM4VIo7fxARFWt4Ng7DDHs,2021-03-05,-23,-10,14,-7,-23,-2
GA,Gabon,,,,,,ChIJ7fM4VIo7fxARFWt4Ng7DDHs,2021-03-06,-19,-6,24,-11,-25,-5
GA,Gabon,,,,,,ChIJ7fM4VIo7fxARFWt4Ng7DDHs,2021-03-07,-20,-4,16,-10,-29,-3
GA,Gabon,,,,,,ChIJ7fM4VIo7fxARFWt4Ng7DDHs,2021-03-08,-22,-12,17,-14,-25,-4
GA,Gabon,,,,,,ChIJ7fM4VIo7fxARFWt4Ng7DDHs,2021-03-09,-21,-13,19,-8,-24,-4
GA,Gabon,,,,,,ChIJ7fM4VIo7fxARFWt4Ng7DDHs,2021-03-10,-23,-17,11,-11,-26,-1
GA,Gabon,,,,,,ChIJ7fM4VIo7fxARFWt4Ng7DDHs,2021-03-11,-20,-10,9,-3,-22,-3
GA,Gabon,,,,,,ChIJ7fM4VIo7fxARFWt4Ng7DDHs,2021-03-12,-25,-15,12,-14,-24,0
GA,Gabon,,,,,,ChIJ7fM4VIo7fxARFWt4Ng7DDHs,2021-03-13,-20,-8,29,-7,-24,-5
GA,Gabon,,,,,,ChIJ7fM4VIo7fxARFWt4Ng7DDHs,2021-03-14,-26,-13,13,-15,-31,0
GA,Gabon,,,,,,ChIJ7fM4VIo7fxARFWt4Ng7DDHs,2021-03-15,-19,-13,16,-9,-24,-3
GA,Gabon,,,,,,ChIJ7fM4VIo7fxARFWt4Ng7DDHs,2021-03-16,-20,-11,22,-3,-23,-3
GA,Gabon,,,,,,ChIJ7fM4VIo7fxARFWt4Ng7DDHs,2021-03-17,-20,-14,23,-9,-22,-2
GA,Gabon,,,,,,ChIJ7fM4VIo7fxARFWt4Ng7DDHs,2021-03-18,-25,-10,31,0,-22,-1
GA,Gabon,,,,,,ChIJ7fM4VIo7fxARFWt4Ng7DDHs,2021-03-19,-24,-10,26,-4,-21,-2
GA,Gabon,,,,,,ChIJ7fM4VIo7fxARFWt4Ng7DDHs,2021-03-20,-22,-9,32,-7,-23,-4
GA,Gabon,,,,,,ChIJ7fM4VIo7fxARFWt4Ng7DDHs,2021-03-21,-24,-6,24,-7,-27,-3
GA,Gabon,,,,,,ChIJ7fM4VIo7fxARFWt4Ng7DDHs,2021-03-22,-28,-21,20,-19,-31,2
GA,Gabon,,,,,,ChIJ7fM4VIo7fxARFWt4Ng7DDHs,2021-03-23,-25,-15,30,-7,-27,0
GA,Gabon,,,,,,ChIJ7fM4VIo7fxARFWt4Ng7DDHs,2021-03-24,-25,-16,19,-9,-27,1
GA,Gabon,,,,,,ChIJ7fM4VIo7fxARFWt4Ng7DDHs,2021-03-25,-19,-5,20,0,-26,-1
GA,Gabon,,,,,,ChIJ7fM4VIo7fxARFWt4Ng7DDHs,2021-03-26,-19,-2,38,-1,-23,-1
GA,Gabon,,,,,,ChIJ7fM4VIo7fxARFWt4Ng7DDHs,2021-03-27,-18,1,40,-5,-26,-4
GA,Gabon,,,,,,ChIJ7fM4VIo7fxARFWt4Ng7DDHs,2021-03-28,-19,3,26,-6,-26,-4
GA,Gabon,,,,,,ChIJ7fM4VIo7fxARFWt4Ng7DDHs,2021-03-29,-19,-5,33,2,-23,-4
GA,Gabon,,,,,,ChIJ7fM4VIo7fxARFWt4Ng7DDHs,2021-03-30,-20,-5,36,2,-22,-4
GA,Gabon,,,,,,ChIJ7fM4VIo7fxARFWt4Ng7DDHs,2021-03-31,-17,-5,36,0,-22,-4
GA,Gabon,,,,,,ChIJ7fM4VIo7fxARFWt4Ng7DDHs,2021-04-01,-14,0,27,7,-19,-5
GA,Gabon,,,,,,ChIJ7fM4VIo7fxARFWt4Ng7DDHs,2021-04-02,-16,2,36,0,-19,-3
GA,Gabon,,,,,,ChIJ7fM4VIo7fxARFWt4Ng7DDHs,2021-04-03,-14,6,49,2,-20,-5
GA,Gabon,,,,,,ChIJ7fM4VIo7fxARFWt4Ng7DDHs,2021-04-04,-12,7,34,-4,-27,-5
GA,Gabon,,,,,,ChIJ7fM4VIo7fxARFWt4Ng7DDHs,2021-04-05,-31,-25,36,-29,-69,7
GA,Gabon,,,,,,ChIJ7fM4VIo7fxARFWt4Ng7DDHs,2021-04-06,-17,-4,30,5,-21,-4
GA,Gabon,,,,,,ChIJ7fM4VIo7fxARFWt4Ng7DDHs,2021-04-07,-14,0,40,9,-20,-5
GA,Gabon,,,,,,ChIJ7fM4VIo7fxARFWt4Ng7DDHs,2021-04-08,-15,3,35,7,-18,-5
GA,Gabon,,,,,,ChIJ7fM4VIo7fxARFWt4Ng7DDHs,2021-04-09,-13,3,59,5,-15,-5
GA,Gabon,,,,,,ChIJ7fM4VIo7fxARFWt4Ng7DDHs,2021-04-10,-15,0,50,-2,-18,-5
GA,Gabon,,,,,,ChIJ7fM4VIo7fxARFWt4Ng7DDHs,2021-04-11,-16,5,54,-4,-26,-4
GA,Gabon,,,,,,ChIJ7fM4VIo7fxARFWt4Ng7DDHs,2021-04-12,-14,-2,51,1,-18,-5
GA,Gabon,,,,,,ChIJ7fM4VIo7fxARFWt4Ng7DDHs,2021-04-13,-14,1,56,12,-19,-3
GA,Gabon,,,,,,ChIJ7fM4VIo7fxARFWt4Ng7DDHs,2021-04-14,-16,-5,48,4,-20,-2
GA,Gabon,,,,,,ChIJ7fM4VIo7fxARFWt4Ng7DDHs,2021-04-15,-16,-3,38,4,-17,-3
GA,Gabon,,,,,,ChIJ7fM4VIo7fxARFWt4Ng7DDHs,2021-04-16,-17,-2,48,5,-15,-3
GA,Gabon,,,,,,ChIJ7fM4VIo7fxARFWt4Ng7DDHs,2021-04-17,-19,-5,45,-5,-23,-3
GA,Gabon,,,,,,ChIJ7fM4VIo7fxARFWt4Ng7DDHs,2021-04-18,-18,0,35,-5,-24,-2
GA,Gabon,,,,,,ChIJ7fM4VIo7fxARFWt4Ng7DDHs,2021-04-19,-18,-8,42,-3,-18,-2
GA,Gabon,,,,,,ChIJ7fM4VIo7fxARFWt4Ng7DDHs,2021-04-20,-17,-4,43,4,-16,-3
GA,Gabon,,,,,,ChIJ7fM4VIo7fxARFWt4Ng7DDHs,2021-04-21,-20,-10,39,0,-17,-2
GA,Gabon,,,,,,ChIJ7fM4VIo7fxARFWt4Ng7DDHs,2021-04-22,-19,-8,26,-2,-15,-2
GA,Gabon,,,,,,ChIJ7fM4VIo7fxARFWt4Ng7DDHs,2021-04-23,-16,-3,55,8,-12,-2
GA,Gabon,,,,,,ChIJ7fM4VIo7fxARFWt4Ng7DDHs,2021-04-24,-16,-1,55,-2,-16,-3
GA,Gabon,,,,,,ChIJ7fM4VIo7fxARFWt4Ng7DDHs,2021-04-25,-15,5,38,4,-20,-2
GA,Gabon,,,,,,ChIJ7fM4VIo7fxARFWt4Ng7DDHs,2021-04-26,-14,-3,43,6,-17,-3
GA,Gabon,,,,,,ChIJ7fM4VIo7fxARFWt4Ng7DDHs,2021-04-27,-15,-2,50,8,-16,-2
GA,Gabon,,,,,,ChIJ7fM4VIo7fxARFWt4Ng7DDHs,2021-04-28,-14,-4,50,9,-16,-2
GA,Gabon,,,,,,ChIJ7fM4VIo7fxARFWt4Ng7DDHs,2021-04-29,-14,-2,51,7,-16,-3
GA,Gabon,,,,,,ChIJ7fM4VIo7fxARFWt4Ng7DDHs,2021-04-30,-9,4,63,8,-11,-3
GA,Gabon,,,,,,ChIJ7fM4VIo7fxARFWt4Ng7DDHs,2021-05-01,-18,-12,52,-6,-36,0
GA,Gabon,,,,,,ChIJ7fM4VIo7fxARFWt4Ng7DDHs,2021-05-02,-11,13,49,1,-22,-3
GA,Gabon,,,,,,ChIJ7fM4VIo7fxARFWt4Ng7DDHs,2021-05-03,-12,-1,47,1,-17,-3
GA,Gabon,,,,,,ChIJ7fM4VIo7fxARFWt4Ng7DDHs,2021-05-04,-9,4,55,9,-16,-4
GA,Gabon,,,,,,ChIJ7fM4VIo7fxARFWt4Ng7DDHs,2021-05-05,-12,-1,54,3,-17,-2
GA,Gabon,,,,,,ChIJ7fM4VIo7fxARFWt4Ng7DDHs,2021-05-06,-7,7,56,7,-14,-3
GA,Gabon,,,,,,ChIJ7fM4VIo7fxARFWt4Ng7DDHs,2021-05-07,-6,7,55,10,-11,-2
GA,Gabon,,,,,,ChIJ7fM4VIo7fxARFWt4Ng7DDHs,2021-05-08,-7,9,66,12,-14,-5
GA,Gabon,,,,,,ChIJ7fM4VIo7fxARFWt4Ng7DDHs,2021-05-09,-6,12,49,2,-21,-3
GA,Gabon,,,,,,ChIJ7fM4VIo7fxARFWt4Ng7DDHs,2021-05-10,-9,3,49,14,-13,-4
GA,Gabon,,,,,,ChIJ7fM4VIo7fxARFWt4Ng7DDHs,2021-05-11,-7,7,59,17,-12,-4
GA,Gabon,,,,,,ChIJ7fM4VIo7fxARFWt4Ng7DDHs,2021-05-12,-4,7,61,8,-11,-4
GA,Gabon,,,,,,ChIJ7fM4VIo7fxARFWt4Ng7DDHs,2021-05-13,-27,-18,44,-21,-69,10
GA,Gabon,,,,,,ChIJ7fM4VIo7fxARFWt4Ng7DDHs,2021-05-14,-8,5,57,7,-10,-2
GA,Gabon,,,,,,ChIJ7fM4VIo7fxARFWt4Ng7DDHs,2021-05-15,-9,6,68,8,-13,-4
GA,Gabon,,,,,,ChIJ7fM4VIo7fxARFWt4Ng7DDHs,2021-05-16,-14,3,42,0,-21,0
GA,Gabon,,,,,,ChIJ7fM4VIo7fxARFWt4Ng7DDHs,2021-05-17,-6,2,53,5,-10,-4
GA,Gabon,,,,,,ChIJ7fM4VIo7fxARFWt4Ng7DDHs,2021-05-18,-9,0,62,7,-10,-2
GA,Gabon,,,,,,ChIJ7fM4VIo7fxARFWt4Ng7DDHs,2021-05-19,-11,-2,64,5,-9,-3
GA,Gabon,,,,,,ChIJ7fM4VIo7fxARFWt4Ng7DDHs,2021-05-20,-9,4,57,5,-7,-3
GA,Gabon,,,,,,ChIJ7fM4VIo7fxARFWt4Ng7DDHs,2021-05-21,-7,6,72,8,-4,-5
GA,Gabon,,,,,,ChIJ7fM4VIo7fxARFWt4Ng7DDHs,2021-05-22,-7,7,73,2,-9,-6
GA,Gabon,,,,,,ChIJ7fM4VIo7fxARFWt4Ng7DDHs,2021-05-23,-4,15,68,3,-17,-6
GA,Gabon,,,,,,ChIJ7fM4VIo7fxARFWt4Ng7DDHs,2021-05-24,-18,-14,61,-22,-64,6
GA,Gabon,,,,,,ChIJ7fM4VIo7fxARFWt4Ng7DDHs,2021-05-25,-4,7,75,12,-12,-5
GA,Gabon,,,,,,ChIJ7fM4VIo7fxARFWt4Ng7DDHs,2021-05-26,-1,10,76,14,-13,-5
GA,Gabon,,,,,,ChIJ7fM4VIo7fxARFWt4Ng7DDHs,2021-05-27,-1,14,76,10,-12,-5
GA,Gabon,,,,,,ChIJ7fM4VIo7fxARFWt4Ng7DDHs,2021-05-28,6,17,89,22,-7,-7
GA,Gabon,,,,,,ChIJ7fM4VIo7fxARFWt4Ng7DDHs,2021-05-29,9,22,90,19,-10,-11
GA,Gabon,,,,,,ChIJ7fM4VIo7fxARFWt4Ng7DDHs,2021-05-30,14,33,90,11,-13,-13
GA,Gabon,,,,,,ChIJ7fM4VIo7fxARFWt4Ng7DDHs,2021-05-31,12,22,84,13,-4,-13
GA,Gabon,,,,,,ChIJ7fM4VIo7fxARFWt4Ng7DDHs,2021-06-01,13,26,90,18,-4,-12
GA,Gabon,,,,,,ChIJ7fM4VIo7fxARFWt4Ng7DDHs,2021-06-02,12,18,95,19,-4,-12
GA,Gabon,,,,,,ChIJ7fM4VIo7fxARFWt4Ng7DDHs,2021-06-03,12,23,87,13,0,-12
GA,Gabon,,,,,,ChIJ7fM4VIo7fxARFWt4Ng7DDHs,2021-06-04,15,26,104,18,3,-12
GA,Gabon,,,,,,ChIJ7fM4VIo7fxARFWt4Ng7DDHs,2021-06-05,14,28,107,20,-3,-14
GA,Gabon,,,,,,ChIJ7fM4VIo7fxARFWt4Ng7DDHs,2021-06-06,16,34,90,13,-12,-13
GA,Gabon,,,,,,ChIJ7fM4VIo7fxARFWt4Ng7DDHs,2021-06-07,15,25,96,13,-4,-13
GA,Gabon,,,,,,ChIJ7fM4VIo7fxARFWt4Ng7DDHs,2021-06-08,15,27,91,22,-2,-13
GA,Gabon,,,,,,ChIJ7fM4VIo7fxARFWt4Ng7DDHs,2021-06-09,12,22,96,18,-4,-13
GA,Gabon,,,,,,ChIJ7fM4VIo7fxARFWt4Ng7DDHs,2021-06-10,13,24,86,15,-1,-13
GA,Gabon,,,,,,ChIJ7fM4VIo7fxARFWt4Ng7DDHs,2021-06-11,12,22,102,17,2,-13
GA,Gabon,,,,,,ChIJ7fM4VIo7fxARFWt4Ng7DDHs,2021-06-12,10,18,96,13,-5,-13
GA,Gabon,,,,,,ChIJ7fM4VIo7fxARFWt4Ng7DDHs,2021-06-13,7,25,77,7,-14,-11
GA,Gabon,,,,,,ChIJ7fM4VIo7fxARFWt4Ng7DDHs,2021-06-14,7,14,69,7,-6,-13
GA,Gabon,,,,,,ChIJ7fM4VIo7fxARFWt4Ng7DDHs,2021-06-15,7,18,80,13,-4,-13
GA,Gabon,,,,,,ChIJ7fM4VIo7fxARFWt4Ng7DDHs,2021-06-16,8,13,80,11,-7,-12
GA,Gabon,,,,,,ChIJ7fM4VIo7fxARFWt4Ng7DDHs,2021-06-17,7,11,79,8,-6,-12
GA,Gabon,,,,,,ChIJ7fM4VIo7fxARFWt4Ng7DDHs,2021-06-18,8,15,91,16,-2,-13
GA,Gabon,,,,,,ChIJ7fM4VIo7fxARFWt4Ng7DDHs,2021-06-19,4,12,86,8,-11,-13
GA,Gabon,,,,,,ChIJ7fM4VIo7fxARFWt4Ng7DDHs,2021-06-20,4,18,73,2,-18,-12
GA,Gabon,,,,,,ChIJ7fM4VIo7fxARFWt4Ng7DDHs,2021-06-21,4,9,67,3,-9,-12
GA,Gabon,,,,,,ChIJ7fM4VIo7fxARFWt4Ng7DDHs,2021-06-22,0,4,81,4,-11,-11
GA,Gabon,,,,,,ChIJ7fM4VIo7fxARFWt4Ng7DDHs,2021-06-23,3,4,82,11,-10,-10
GA,Gabon,,,,,,ChIJ7fM4VIo7fxARFWt4Ng7DDHs,2021-06-24,6,13,81,8,-7,-11
GA,Gabon,,,,,,ChIJ7fM4VIo7fxARFWt4Ng7DDHs,2021-06-25,15,19,94,13,-4,-12
GA,Gabon,,,,,,ChIJ7fM4VIo7fxARFWt4Ng7DDHs,2021-06-26,10,19,99,12,-10,-13
GA,Gabon,,,,,,ChIJ7fM4VIo7fxARFWt4Ng7DDHs,2021-06-27,11,24,80,9,-16,-12
GA,Gabon,,,,,,ChIJ7fM4VIo7fxARFWt4Ng7DDHs,2021-06-28,11,16,81,8,-10,-12
GA,Gabon,,,,,,ChIJ7fM4VIo7fxARFWt4Ng7DDHs,2021-06-29,5,10,76,8,-11,-11
GA,Gabon,,,,,,ChIJ7fM4VIo7fxARFWt4Ng7DDHs,2021-06-30,12,13,85,15,-10,-11
GA,Gabon,,,,,,ChIJ7fM4VIo7fxARFWt4Ng7DDHs,2021-07-01,14,20,86,14,-9,-11
GA,Gabon,,,,,,ChIJ7fM4VIo7fxARFWt4Ng7DDHs,2021-07-02,17,23,97,18,-4,-11
GA,Gabon,,,,,,ChIJ7fM4VIo7fxARFWt4Ng7DDHs,2021-07-03,17,24,104,22,-8,-14
GA,Gabon,,,,,,ChIJ7fM4VIo7fxARFWt4Ng7DDHs,2021-07-04,17,28,71,17,-15,-12
GA,Gabon,,,,,,ChIJ7fM4VIo7fxARFWt4Ng7DDHs,2021-07-05,22,23,98,17,-9,-12
GA,Gabon,,,,,,ChIJ7fM4VIo7fxARFWt4Ng7DDHs,2021-07-06,20,24,92,30,-9,-12
GA,Gabon,,,,,,ChIJ7fM4VIo7fxARFWt4Ng7DDHs,2021-07-07,18,19,97,21,-12,-12
GA,Gabon,,,,,,ChIJ7fM4VIo7fxARFWt4Ng7DDHs,2021-07-08,16,20,100,17,-9,-12
GA,Gabon,,,,,,ChIJ7fM4VIo7fxARFWt4Ng7DDHs,2021-07-09,19,24,92,27,-6,-12
GA,Gabon,,,,,,ChIJ7fM4VIo7fxARFWt4Ng7DDHs,2021-07-10,13,20,93,22,-9,-14
GA,Gabon,,,,,,ChIJ7fM4VIo7fxARFWt4Ng7DDHs,2021-07-11,16,29,70,14,-14,-14
GA,Gabon,,,,,,ChIJ7fM4VIo7fxARFWt4Ng7DDHs,2021-07-12,17,17,81,17,-13,-12
GA,Gabon,,,,,,ChIJ7fM4VIo7fxARFWt4Ng7DDHs,2021-07-13,15,20,86,27,-11,-12
GA,Gabon,,,,,,ChIJ7fM4VIo7fxARFWt4Ng7DDHs,2021-07-14,15,12,81,21,-12,-11
GA,Gabon,,,,,,ChIJ7fM4VIo7fxARFWt4Ng7DDHs,2021-07-15,14,16,84,17,-10,-11
GA,Gabon,,,,,,ChIJ7fM4VIo7fxARFWt4Ng7DDHs,2021-07-16,18,17,91,24,-6,-11
GA,Gabon,,,,,,ChIJ7fM4VIo7fxARFWt4Ng7DDHs,2021-07-17,15,17,104,19,-11,-13
GA,Gabon,,,,,,ChIJ7fM4VIo7fxARFWt4Ng7DDHs,2021-07-18,17,27,71,20,-11,-13
GA,Gabon,,,,,,ChIJ7fM4VIo7fxARFWt4Ng7DDHs,2021-07-19,23,23,93,25,-11,-13
GA,Gabon,,,,,,ChIJ7fM4VIo7fxARFWt4Ng7DDHs,2021-07-20,-5,-7,93,-4,-67,-2
GA,Gabon,,,,,,ChIJ7fM4VIo7fxARFWt4Ng7DDHs,2021-07-21,15,14,97,20,-12,-12
GA,Gabon,,,,,,ChIJ7fM4VIo7fxARFWt4Ng7DDHs,2021-07-22,14,17,89,15,-11,-12
GA,Gabon,,,,,,ChIJ7fM4VIo7fxARFWt4Ng7DDHs,2021-07-23,19,23,101,23,-6,-12
GA,Gabon,,,,,,ChIJ7fM4VIo7fxARFWt4Ng7DDHs,2021-07-24,16,22,102,19,-10,-14
GA,Gabon,,,,,,ChIJ7fM4VIo7fxARFWt4Ng7DDHs,2021-07-25,20,30,82,16,-10,-14
GA,Gabon,,,,,,ChIJ7fM4VIo7fxARFWt4Ng7DDHs,2021-07-26,22,23,102,17,-12,-12
GA,Gabon,,,,,,ChIJ7fM4VIo7fxARFWt4Ng7DDHs,2021-07-27,21,26,107,28,-11,-12
GA,Gabon,,,,,,ChIJ7fM4VIo7fxARFWt4Ng7DDHs,2021-07-28,22,22,110,28,-12,-12
GA,Gabon,,,,,,ChIJ7fM4VIo7fxARFWt4Ng7DDHs,2021-07-29,22,26,103,27,-11,-12
GA,Gabon,,,,,,ChIJ7fM4VIo7fxARFWt4Ng7DDHs,2021-07-30,25,30,108,27,-9,-11
GA,Gabon,,,,,,ChIJ7fM4VIo7fxARFWt4Ng7DDHs,2021-07-31,23,28,118,57,-9,-15
GA,Gabon,,,,,,ChIJ7fM4VIo7fxARFWt4Ng7DDHs,2021-08-01,26,37,88,35,-7,-14
GA,Gabon,,,,,,ChIJ7fM4VIo7fxARFWt4Ng7DDHs,2021-08-02,25,28,108,24,-15,-11
GA,Gabon,,,,,,ChIJ7fM4VIo7fxARFWt4Ng7DDHs,2021-08-03,25,28,,33,-15,-12
GA,Gabon,,,,,,ChIJ7fM4VIo7fxARFWt4Ng7DDHs,2021-08-04,23,23,113,29,-16,-12
GA,Gabon,,,,,,ChIJ7fM4VIo7fxARFWt4Ng7DDHs,2021-08-05,23,27,110,24,-13,-12
GA,Gabon,,,,,,ChIJ7fM4VIo7fxARFWt4Ng7DDHs,2021-08-06,24,29,107,32,-10,-12
GA,Gabon,,,,,,ChIJ7fM4VIo7fxARFWt4Ng7DDHs,2021-08-07,21,28,121,25,-10,-15
GA,Gabon,,,,,,ChIJ7fM4VIo7fxARFWt4Ng7DDHs,2021-08-08,22,36,85,22,-10,-13
GA,Gabon,,,,,,ChIJ7fM4VIo7fxARFWt4Ng7DDHs,2021-08-09,28,28,107,30,-16,-12
GA,Gabon,,,,,,ChIJ7fM4VIo7fxARFWt4Ng7DDHs,2021-08-10,27,29,108,36,-14,-12
GA,Gabon,,,,,,ChIJ7fM4VIo7fxARFWt4Ng7DDHs,2021-08-11,26,27,109,33,-16,-13
GA,Gabon,,,,,,ChIJ7fM4VIo7fxARFWt4Ng7DDHs,2021-08-12,24,22,104,28,-15,-13
GA,Gabon,,,,,,ChIJ7fM4VIo7fxARFWt4Ng7DDHs,2021-08-13,25,25,109,31,-12,-12
GA,Gabon,,,,,,ChIJ7fM4VIo7fxARFWt4Ng7DDHs,2021-08-14,20,20,115,26,-12,-14
GA,Gabon,,,,,,ChIJ7fM4VIo7fxARFWt4Ng7DDHs,2021-08-15,24,33,94,24,-10,-14
GA,Gabon,,,,,,ChIJ7fM4VIo7fxARFWt4Ng7DDHs,2021-08-16,13,8,102,5,-58,-5
GA,Gabon,,,,,,ChIJ7fM4VIo7fxARFWt4Ng7DDHs,2021-08-17,-14,-24,95,-13,-72,3
GA,Gabon,,,,,,ChIJ7fM4VIo7fxARFWt4Ng7DDHs,2021-08-18,14,14,92,21,-18,-8
GA,Gabon,,,,,,ChIJ7fM4VIo7fxARFWt4Ng7DDHs,2021-08-19,17,17,104,16,-16,-9
GA,Gabon,,,,,,ChIJ7fM4VIo7fxARFWt4Ng7DDHs,2021-08-20,17,19,105,22,-13,-9
GA,Gabon,,,,,,ChIJ7fM4VIo7fxARFWt4Ng7DDHs,2021-08-21,10,12,92,11,-11,-11
GA,Gabon,,,,,,ChIJ7fM4VIo7fxARFWt4Ng7DDHs,2021-08-22,13,21,76,9,-9,-11
GA,Gabon,,,,,,ChIJ7fM4VIo7fxARFWt4Ng7DDHs,2021-08-23,17,12,90,17,-17,-9
GA,Gabon,,,,,,ChIJ7fM4VIo7fxARFWt4Ng7DDHs,2021-08-24,16,17,106,22,-16,-10
GA,Gabon,,,,,,ChIJ7fM4VIo7fxARFWt4Ng7DDHs,2021-08-25,21,20,108,26,-17,-11
GA,Gabon,,,,,,ChIJ7fM4VIo7fxARFWt4Ng7DDHs,2021-08-26,22,24,111,18,-16,-11
GA,Gabon,,,,,,ChIJ7fM4VIo7fxARFWt4Ng7DDHs,2021-08-27,20,25,116,29,-13,-11
GA,Gabon,,,,,,ChIJ7fM4VIo7fxARFWt4Ng7DDHs,2021-08-28,14,18,103,17,-13,-14
GA,Gabon,,,,,,ChIJ7fM4VIo7fxARFWt4Ng7DDHs,2021-08-29,17,24,81,16,-11,-12
GA,Gabon,,,,,,ChIJ7fM4VIo7fxARFWt4Ng7DDHs,2021-08-30,22,17,98,18,-18,-11
GA,Gabon,,,,,,ChIJ7fM4VIo7fxARFWt4Ng7DDHs,2021-08-31,19,20,108,24,-17,-10
GA,Gabon,,,,,,ChIJ7fM4VIo7fxARFWt4Ng7DDHs,2021-09-01,22,21,117,21,-16,-11
GA,Gabon,,,,,,ChIJ7fM4VIo7fxARFWt4Ng7DDHs,2021-09-02,22,21,108,21,-15,-11
GA,Gabon,,,,,,ChIJ7fM4VIo7fxARFWt4Ng7DDHs,2021-09-03,21,21,96,28,-10,-11
GA,Gabon,,,,,,ChIJ7fM4VIo7fxARFWt4Ng7DDHs,2021-09-04,13,12,97,12,-11,-9
GA,Gabon,,,,,,ChIJ7fM4VIo7fxARFWt4Ng7DDHs,2021-09-05,24,29,88,18,-9,-12
GA,Gabon,,,,,,ChIJ7fM4VIo7fxARFWt4Ng7DDHs,2021-09-06,27,22,93,25,-14,-11
GA,Gabon,,,,,,ChIJ7fM4VIo7fxARFWt4Ng7DDHs,2021-09-07,26,25,97,31,-13,-12
GA,Gabon,,,,,,ChIJ7fM4VIo7fxARFWt4Ng7DDHs,2021-09-08,24,19,98,26,-13,-11
GA,Gabon,,,,,,ChIJ7fM4VIo7fxARFWt4Ng7DDHs,2021-09-09,22,19,95,15,-12,-11
GA,Gabon,,,,,,ChIJ7fM4VIo7fxARFWt4Ng7DDHs,2021-09-10,22,21,106,29,-7,-11
GA,Gabon,,,,,,ChIJ7fM4VIo7fxARFWt4Ng7DDHs,2021-09-11,14,15,79,14,-12,-10
GA,Gabon,,,,,,ChIJ7fM4VIo7fxARFWt4Ng7DDHs,2021-09-12,22,28,78,17,-8,-11
GA,Gabon,,,,,,ChIJ7fM4VIo7fxARFWt4Ng7DDHs,2021-09-13,23,15,96,24,-14,-11
GA,Gabon,,,,,,ChIJ7fM4VIo7fxARFWt4Ng7DDHs,2021-09-14,21,18,94,28,-13,-12
GA,Gabon,,,,,,ChIJ7fM4VIo7fxARFWt4Ng7DDHs,2021-09-15,21,15,97,20,-14,-10
GA,Gabon,,,,,,ChIJ7fM4VIo7fxARFWt4Ng7DDHs,2021-09-16,19,19,87,16,-13,-10
GA,Gabon,,,,,,ChIJ7fM4VIo7fxARFWt4Ng7DDHs,2021-09-17,18,17,82,28,-9,-11
GA,Gabon,,,,,,ChIJ7fM4VIo7fxARFWt4Ng7DDHs,2021-09-18,15,16,92,19,-9,-11
GA,Gabon,,,,,,ChIJ7fM4VIo7fxARFWt4Ng7DDHs,2021-09-19,19,22,59,18,-9,-10
GA,Gabon,,,,,,ChIJ7fM4VIo7fxARFWt4Ng7DDHs,2021-09-20,22,15,86,20,-14,-10
GA,Gabon,,,,,,ChIJ7fM4VIo7fxARFWt4Ng7DDHs,2021-09-21,20,18,97,22,-12,-10
GA,Gabon,,,,,,ChIJ7fM4VIo7fxARFWt4Ng7DDHs,2021-09-22,18,12,108,15,-9,-9
GA,Gabon,,,,,,ChIJ7fM4VIo7fxARFWt4Ng7DDHs,2021-09-23,19,16,110,16,-8,-10
GA,Gabon,,,,,,ChIJ7fM4VIo7fxARFWt4Ng7DDHs,2021-09-24,17,16,110,19,-8,-9
GA,Gabon,,,,,,ChIJ7fM4VIo7fxARFWt4Ng7DDHs,2021-09-25,24,26,123,27,-7,-12
GA,Gabon,,,,,,ChIJ7fM4VIo7fxARFWt4Ng7DDHs,2021-09-26,26,33,107,19,-6,-12
GA,Gabon,,,,,,ChIJ7fM4VIo7fxARFWt4Ng7DDHs,2021-09-27,31,26,,26,-11,-13
GA,Gabon,,,,,,ChIJ7fM4VIo7fxARFWt4Ng7DDHs,2021-09-28,25,29,,31,-10,-12
GA,Gabon,,,,,,ChIJ7fM4VIo7fxARFWt4Ng7DDHs,2021-09-29,26,23,,23,-9,-12
GA,Gabon,,,,,,ChIJ7fM4VIo7fxARFWt4Ng7DDHs,2021-09-30,26,29,120,19,-6,-13
GA,Gabon,,,,,,ChIJ7fM4VIo7fxARFWt4Ng7DDHs,2021-10-01,27,29,124,26,-3,-11
GA,Gabon,,,,,,ChIJ7fM4VIo7fxARFWt4Ng7DDHs,2021-10-02,28,34,150,31,-5,-13
GA,Gabon,,,,,,ChIJ7fM4VIo7fxARFWt4Ng7DDHs,2021-10-03,29,39,109,32,-7,-12
GA,Gabon,,,,,,ChIJ7fM4VIo7fxARFWt4Ng7DDHs,2021-10-04,33,28,,29,-10,-15
GA,Gabon,,,,,,ChIJ7fM4VIo7fxARFWt4Ng7DDHs,2021-10-05,29,28,,35,-8,-14
GA,Gabon,,,,,,ChIJ7fM4VIo7fxARFWt4Ng7DDHs,2021-10-06,32,24,,33,-7,-14
GA,Gabon,,,,,,ChIJ7fM4VIo7fxARFWt4Ng7DDHs,2021-10-07,29,29,,27,-5,-13
GA,Gabon,,,,,,ChIJ7fM4VIo7fxARFWt4Ng7DDHs,2021-10-08,29,30,,34,-1,-12
GA,Gabon,,,,,,ChIJ7fM4VIo7fxARFWt4Ng7DDHs,2021-10-09,15,17,113,13,-8,-8
GA,Gabon,,,,,,ChIJ7fM4VIo7fxARFWt4Ng7DDHs,2021-10-10,28,36,109,26,-5,-11
GA,Gabon,,,,,,ChIJ7fM4VIo7fxARFWt4Ng7DDHs,2021-10-11,33,24,,29,-9,-13
GA,Gabon,,,,,,ChIJ7fM4VIo7fxARFWt4Ng7DDHs,2021-10-12,27,23,,24,-5,-13
GA,Gabon,Estuaire,,,GA-1,,ChIJ7fM4VIo7fxARzJXRXvGd41Q,2021-01-01,-45,-45,,-32,-71,18
GA,Gabon,Estuaire,,,GA-1,,ChIJ7fM4VIo7fxARzJXRXvGd41Q,2021-01-02,-21,-14,,2,-20,9
GA,Gabon,Estuaire,,,GA-1,,ChIJ7fM4VIo7fxARzJXRXvGd41Q,2021-01-03,-11,-4,,11,-5,7
GA,Gabon,Estuaire,,,GA-1,,ChIJ7fM4VIo7fxARzJXRXvGd41Q,2021-01-04,-10,-8,,11,-9,6
GA,Gabon,Estuaire,,,GA-1,,ChIJ7fM4VIo7fxARzJXRXvGd41Q,2021-01-05,-8,-4,,16,-7,5
GA,Gabon,Estuaire,,,GA-1,,ChIJ7fM4VIo7fxARzJXRXvGd41Q,2021-01-06,-8,-6,,10,-5,6
GA,Gabon,Estuaire,,,GA-1,,ChIJ7fM4VIo7fxARzJXRXvGd41Q,2021-01-07,-7,-2,,10,-5,5
GA,Gabon,Estuaire,,,GA-1,,ChIJ7fM4VIo7fxARzJXRXvGd41Q,2021-01-08,-9,-6,,11,-4,4
GA,Gabon,Estuaire,,,GA-1,,ChIJ7fM4VIo7fxARzJXRXvGd41Q,2021-01-09,-10,-9,,3,-3,2
GA,Gabon,Estuaire,,,GA-1,,ChIJ7fM4VIo7fxARzJXRXvGd41Q,2021-01-10,-11,-8,,-2,-8,4
GA,Gabon,Estuaire,,,GA-1,,ChIJ7fM4VIo7fxARzJXRXvGd41Q,2021-01-11,-7,-8,,11,-6,2
GA,Gabon,Estuaire,,,GA-1,,ChIJ7fM4VIo7fxARzJXRXvGd41Q,2021-01-12,-11,-10,,1,-8,1
GA,Gabon,Estuaire,,,GA-1,,ChIJ7fM4VIo7fxARzJXRXvGd41Q,2021-01-13,-16,-19,,2,-10,2
GA,Gabon,Estuaire,,,GA-1,,ChIJ7fM4VIo7fxARzJXRXvGd41Q,2021-01-14,-12,-11,,0,-12,0
GA,Gabon,Estuaire,,,GA-1,,ChIJ7fM4VIo7fxARzJXRXvGd41Q,2021-01-15,-15,-15,,0,-14,0
GA,Gabon,Estuaire,,,GA-1,,ChIJ7fM4VIo7fxARzJXRXvGd41Q,2021-01-16,-18,-19,,-7,-14,1
GA,Gabon,Estuaire,,,GA-1,,ChIJ7fM4VIo7fxARzJXRXvGd41Q,2021-01-17,-20,-17,,-10,-19,3
GA,Gabon,Estuaire,,,GA-1,,ChIJ7fM4VIo7fxARzJXRXvGd41Q,2021-01-18,-15,-17,,-6,-16,1
GA,Gabon,Estuaire,,,GA-1,,ChIJ7fM4VIo7fxARzJXRXvGd41Q,2021-01-19,-17,-18,,-3,-14,1
GA,Gabon,Estuaire,,,GA-1,,ChIJ7fM4VIo7fxARzJXRXvGd41Q,2021-01-20,-17,-18,,-5,-14,2
GA,Gabon,Estuaire,,,GA-1,,ChIJ7fM4VIo7fxARzJXRXvGd41Q,2021-01-21,-16,-16,,-1,-13,2
GA,Gabon,Estuaire,,,GA-1,,ChIJ7fM4VIo7fxARzJXRXvGd41Q,2021-01-22,-18,-18,,-3,-11,2
GA,Gabon,Estuaire,,,GA-1,,ChIJ7fM4VIo7fxARzJXRXvGd41Q,2021-01-23,-18,-17,,-3,-10,2
GA,Gabon,Estuaire,,,GA-1,,ChIJ7fM4VIo7fxARzJXRXvGd41Q,2021-01-24,-14,-12,,-7,-15,3
GA,Gabon,Estuaire,,,GA-1,,ChIJ7fM4VIo7fxARzJXRXvGd41Q,2021-01-25,-14,-17,,-3,-13,3
GA,Gabon,Estuaire,,,GA-1,,ChIJ7fM4VIo7fxARzJXRXvGd41Q,2021-01-26,-15,-10,,-2,-13,2
GA,Gabon,Estuaire,,,GA-1,,ChIJ7fM4VIo7fxARzJXRXvGd41Q,2021-01-27,-18,-17,,-8,-16,5
GA,Gabon,Estuaire,,,GA-1,,ChIJ7fM4VIo7fxARzJXRXvGd41Q,2021-01-28,-16,-10,,1,-13,2
GA,Gabon,Estuaire,,,GA-1,,ChIJ7fM4VIo7fxARzJXRXvGd41Q,2021-01-29,-16,-8,,6,-12,0
GA,Gabon,Estuaire,,,GA-1,,ChIJ7fM4VIo7fxARzJXRXvGd41Q,2021-01-30,-18,-8,,-4,-15,-2
GA,Gabon,Estuaire,,,GA-1,,ChIJ7fM4VIo7fxARzJXRXvGd41Q,2021-01-31,-20,-4,,-9,-18,-1
GA,Gabon,Estuaire,,,GA-1,,ChIJ7fM4VIo7fxARzJXRXvGd41Q,2021-02-01,-15,-10,,-4,-15,-2
GA,Gabon,Estuaire,,,GA-1,,ChIJ7fM4VIo7fxARzJXRXvGd41Q,2021-02-02,-15,-6,,-1,-16,-2
GA,Gabon,Estuaire,,,GA-1,,ChIJ7fM4VIo7fxARzJXRXvGd41Q,2021-02-03,-24,-19,,-11,-17,-1
GA,Gabon,Estuaire,,,GA-1,,ChIJ7fM4VIo7fxARzJXRXvGd41Q,2021-02-04,-24,-17,,-15,-19,-1
GA,Gabon,Estuaire,,,GA-1,,ChIJ7fM4VIo7fxARzJXRXvGd41Q,2021-02-05,-24,-18,,-8,-18,-1
GA,Gabon,Estuaire,,,GA-1,,ChIJ7fM4VIo7fxARzJXRXvGd41Q,2021-02-06,-23,-17,,-13,-18,-1
GA,Gabon,Estuaire,,,GA-1,,ChIJ7fM4VIo7fxARzJXRXvGd41Q,2021-02-07,-23,-13,,-17,-24,0
GA,Gabon,Estuaire,,,GA-1,,ChIJ7fM4VIo7fxARzJXRXvGd41Q,2021-02-08,-21,-17,,-13,-20,-1
GA,Gabon,Estuaire,,,GA-1,,ChIJ7fM4VIo7fxARzJXRXvGd41Q,2021-02-09,-18,-12,,-7,-19,-1
GA,Gabon,Estuaire,,,GA-1,,ChIJ7fM4VIo7fxARzJXRXvGd41Q,2021-02-10,-20,-17,,-12,-18,-1
GA,Gabon,Estuaire,,,GA-1,,ChIJ7fM4VIo7fxARzJXRXvGd41Q,2021-02-11,-24,-20,,-16,-23,0
GA,Gabon,Estuaire,,,GA-1,,ChIJ7fM4VIo7fxARzJXRXvGd41Q,2021-02-12,-23,-14,,-8,-21,-5
GA,Gabon,Estuaire,,,GA-1,,ChIJ7fM4VIo7fxARzJXRXvGd41Q,2021-02-13,-30,-18,,-17,-27,-3
GA,Gabon,Estuaire,,,GA-1,,ChIJ7fM4VIo7fxARzJXRXvGd41Q,2021-02-14,-23,-11,,-15,-28,-2
GA,Gabon,Estuaire,,,GA-1,,ChIJ7fM4VIo7fxARzJXRXvGd41Q,2021-02-15,-29,-22,,-16,-25,-3
GA,Gabon,Estuaire,,,GA-1,,ChIJ7fM4VIo7fxARzJXRXvGd41Q,2021-02-16,-28,-16,,-10,-24,-3
GA,Gabon,Estuaire,,,GA-1,,ChIJ7fM4VIo7fxARzJXRXvGd41Q,2021-02-17,-28,-20,,-18,-23,-2
GA,Gabon,Estuaire,,,GA-1,,ChIJ7fM4VIo7fxARzJXRXvGd41Q,2021-02-18,-26,-16,,-16,-23,-4
GA,Gabon,Estuaire,,,GA-1,,ChIJ7fM4VIo7fxARzJXRXvGd41Q,2021-02-19,-32,-22,,-19,-22,-1
GA,Gabon,Estuaire,,,GA-1,,ChIJ7fM4VIo7fxARzJXRXvGd41Q,2021-02-20,-33,-23,,-22,-24,-1
GA,Gabon,Estuaire,,,GA-1,,ChIJ7fM4VIo7fxARzJXRXvGd41Q,2021-02-21,-32,-16,,-24,-29,0
GA,Gabon,Estuaire,,,GA-1,,ChIJ7fM4VIo7fxARzJXRXvGd41Q,2021-02-22,-32,-26,,-25,-26,-1
GA,Gabon,Estuaire,,,GA-1,,ChIJ7fM4VIo7fxARzJXRXvGd41Q,2021-02-23,-29,-21,,-16,-24,-2
GA,Gabon,Estuaire,,,GA-1,,ChIJ7fM4VIo7fxARzJXRXvGd41Q,2021-02-24,-31,-22,,-16,-25,0
GA,Gabon,Estuaire,,,GA-1,,ChIJ7fM4VIo7fxARzJXRXvGd41Q,2021-02-25,-23,-10,,-8,-24,-2
GA,Gabon,Estuaire,,,GA-1,,ChIJ7fM4VIo7fxARzJXRXvGd41Q,2021-02-26,-25,-8,,-4,-23,-3
GA,Gabon,Estuaire,,,GA-1,,ChIJ7fM4VIo7fxARzJXRXvGd41Q,2021-02-27,-24,-5,,-11,-21,-5
GA,Gabon,Estuaire,,,GA-1,,ChIJ7fM4VIo7fxARzJXRXvGd41Q,2021-02-28,-23,-3,,-13,-28,-3
GA,Gabon,Estuaire,,,GA-1,,ChIJ7fM4VIo7fxARzJXRXvGd41Q,2021-03-01,-24,-11,,-14,-23,-4
GA,Gabon,Estuaire,,,GA-1,,ChIJ7fM4VIo7fxARzJXRXvGd41Q,2021-03-02,-22,-7,,-4,-24,-3
GA,Gabon,Estuaire,,,GA-1,,ChIJ7fM4VIo7fxARzJXRXvGd41Q,2021-03-03,-22,-11,,-8,-23,-4
GA,Gabon,Estuaire,,,GA-1,,ChIJ7fM4VIo7fxARzJXRXvGd41Q,2021-03-04,-22,-8,,-8,-24,-4
GA,Gabon,Estuaire,,,GA-1,,ChIJ7fM4VIo7fxARzJXRXvGd41Q,2021-03-05,-25,-10,,-5,-22,-3
GA,Gabon,Estuaire,,,GA-1,,ChIJ7fM4VIo7fxARzJXRXvGd41Q,2021-03-06,-19,-4,,-10,-22,-5
GA,Gabon,Estuaire,,,GA-1,,ChIJ7fM4VIo7fxARzJXRXvGd41Q,2021-03-07,-21,-2,,-8,-27,-4
GA,Gabon,Estuaire,,,GA-1,,ChIJ7fM4VIo7fxARzJXRXvGd41Q,2021-03-08,-24,-11,,-14,-22,-5
GA,Gabon,Estuaire,,,GA-1,,ChIJ7fM4VIo7fxARzJXRXvGd41Q,2021-03-09,-21,-11,,-8,-22,-5
GA,Gabon,Estuaire,,,GA-1,,ChIJ7fM4VIo7fxARzJXRXvGd41Q,2021-03-10,-24,-16,,-11,-23,-2
GA,Gabon,Estuaire,,,GA-1,,ChIJ7fM4VIo7fxARzJXRXvGd41Q,2021-03-11,-19,-8,,-3,-20,-4
GA,Gabon,Estuaire,,,GA-1,,ChIJ7fM4VIo7fxARzJXRXvGd41Q,2021-03-12,-27,-17,,-15,-23,-1
GA,Gabon,Estuaire,,,GA-1,,ChIJ7fM4VIo7fxARzJXRXvGd41Q,2021-03-13,-21,-8,,-8,-22,-5
GA,Gabon,Estuaire,,,GA-1,,ChIJ7fM4VIo7fxARzJXRXvGd41Q,2021-03-14,-27,-13,,-16,-28,-1
GA,Gabon,Estuaire,,,GA-1,,ChIJ7fM4VIo7fxARzJXRXvGd41Q,2021-03-15,-21,-12,,-11,-22,-3
GA,Gabon,Estuaire,,,GA-1,,ChIJ7fM4VIo7fxARzJXRXvGd41Q,2021-03-16,-19,-9,,-3,-21,-3
GA,Gabon,Estuaire,,,GA-1,,ChIJ7fM4VIo7fxARzJXRXvGd41Q,2021-03-17,-20,-13,,-9,-19,-3
GA,Gabon,Estuaire,,,GA-1,,ChIJ7fM4VIo7fxARzJXRXvGd41Q,2021-03-18,-24,-7,,2,-21,-1
GA,Gabon,Estuaire,,,GA-1,,ChIJ7fM4VIo7fxARzJXRXvGd41Q,2021-03-19,-26,-11,,-2,-20,-2
GA,Gabon,Estuaire,,,GA-1,,ChIJ7fM4VIo7fxARzJXRXvGd41Q,2021-03-20,-24,-8,,-8,-20,-5
GA,Gabon,Estuaire,,,GA-1,,ChIJ7fM4VIo7fxARzJXRXvGd41Q,2021-03-21,-24,-6,,-5,-24,-3
GA,Gabon,Estuaire,,,GA-1,,ChIJ7fM4VIo7fxARzJXRXvGd41Q,2021-03-22,-31,-22,,-21,-29,2
GA,Gabon,Estuaire,,,GA-1,,ChIJ7fM4VIo7fxARzJXRXvGd41Q,2021-03-23,-26,-14,,-5,-25,-1
GA,Gabon,Estuaire,,,GA-1,,ChIJ7fM4VIo7fxARzJXRXvGd41Q,2021-03-24,-26,-14,,-11,-25,1
GA,Gabon,Estuaire,,,GA-1,,ChIJ7fM4VIo7fxARzJXRXvGd41Q,2021-03-25,-20,-2,,2,-25,-1
GA,Gabon,Estuaire,,,GA-1,,ChIJ7fM4VIo7fxARzJXRXvGd41Q,2021-03-26,-20,-2,,2,-22,-2
GA,Gabon,Estuaire,,,GA-1,,ChIJ7fM4VIo7fxARzJXRXvGd41Q,2021-03-27,-19,4,,-6,-24,-5
GA,Gabon,Estuaire,,,GA-1,,ChIJ7fM4VIo7fxARzJXRXvGd41Q,2021-03-28,-19,5,,-6,-23,-4
GA,Gabon,Estuaire,,,GA-1,,ChIJ7fM4VIo7fxARzJXRXvGd41Q,2021-03-29,-21,-3,,-1,-21,-4
GA,Gabon,Estuaire,,,GA-1,,ChIJ7fM4VIo7fxARzJXRXvGd41Q,2021-03-30,-18,-1,,3,-20,-4
GA,Gabon,Estuaire,,,GA-1,,ChIJ7fM4VIo7fxARzJXRXvGd41Q,2021-03-31,-17,-3,,-1,-20,-4
GA,Gabon,Estuaire,,,GA-1,,ChIJ7fM4VIo7fxARzJXRXvGd41Q,2021-04-01,-15,4,,8,-17,-5
GA,Gabon,Estuaire,,,GA-1,,ChIJ7fM4VIo7fxARzJXRXvGd41Q,2021-04-02,-17,1,,-1,-17,-4
GA,Gabon,Estuaire,,,GA-1,,ChIJ7fM4VIo7fxARzJXRXvGd41Q,2021-04-03,-13,9,,4,-17,-6
GA,Gabon,Estuaire,,,GA-1,,ChIJ7fM4VIo7fxARzJXRXvGd41Q,2021-04-04,-12,9,,-3,-24,-5
GA,Gabon,Estuaire,,,GA-1,,ChIJ7fM4VIo7fxARzJXRXvGd41Q,2021-04-05,-34,-26,,-33,-70,7
GA,Gabon,Estuaire,,,GA-1,,ChIJ7fM4VIo7fxARzJXRXvGd41Q,2021-04-06,-17,-1,,5,-18,-4
GA,Gabon,Estuaire,,,GA-1,,ChIJ7fM4VIo7fxARzJXRXvGd41Q,2021-04-07,-14,2,,10,-17,-5
GA,Gabon,Estuaire,,,GA-1,,ChIJ7fM4VIo7fxARzJXRXvGd41Q,2021-04-08,-15,7,,6,-15,-5
GA,Gabon,Estuaire,,,GA-1,,ChIJ7fM4VIo7fxARzJXRXvGd41Q,2021-04-09,-14,3,,6,-14,-6
GA,Gabon,Estuaire,,,GA-1,,ChIJ7fM4VIo7fxARzJXRXvGd41Q,2021-04-10,-16,2,,-1,-14,-6
GA,Gabon,Estuaire,,,GA-1,,ChIJ7fM4VIo7fxARzJXRXvGd41Q,2021-04-11,-17,8,,-4,-22,-4
GA,Gabon,Estuaire,,,GA-1,,ChIJ7fM4VIo7fxARzJXRXvGd41Q,2021-04-12,-16,0,,-2,-15,-5
GA,Gabon,Estuaire,,,GA-1,,ChIJ7fM4VIo7fxARzJXRXvGd41Q,2021-04-13,-13,3,,12,-15,-4
GA,Gabon,Estuaire,,,GA-1,,ChIJ7fM4VIo7fxARzJXRXvGd41Q,2021-04-14,-17,-3,,2,-17,-2
GA,Gabon,Estuaire,,,GA-1,,ChIJ7fM4VIo7fxARzJXRXvGd41Q,2021-04-15,-15,1,,4,-14,-4
GA,Gabon,Estuaire,,,GA-1,,ChIJ7fM4VIo7fxARzJXRXvGd41Q,2021-04-16,-18,-1,,6,-13,-3
GA,Gabon,Estuaire,,,GA-1,,ChIJ7fM4VIo7fxARzJXRXvGd41Q,2021-04-17,-21,-2,,-5,-21,-3
GA,Gabon,Estuaire,,,GA-1,,ChIJ7fM4VIo7fxARzJXRXvGd41Q,2021-04-18,-19,1,,-6,-20,-2
GA,Gabon,Estuaire,,,GA-1,,ChIJ7fM4VIo7fxARzJXRXvGd41Q,2021-04-19,-19,-4,,-4,-14,-2
GA,Gabon,Estuaire,,,GA-1,,ChIJ7fM4VIo7fxARzJXRXvGd41Q,2021-04-20,-18,-2,,3,-13,-3
GA,Gabon,Estuaire,,,GA-1,,ChIJ7fM4VIo7fxARzJXRXvGd41Q,2021-04-21,-20,-9,,0,-13,-2
GA,Gabon,Estuaire,,,GA-1,,ChIJ7fM4VIo7fxARzJXRXvGd41Q,2021-04-22,-19,-5,,-2,-12,-2
GA,Gabon,Estuaire,,,GA-1,,ChIJ7fM4VIo7fxARzJXRXvGd41Q,2021-04-23,-17,-3,,11,-10,-3
GA,Gabon,Estuaire,,,GA-1,,ChIJ7fM4VIo7fxARzJXRXvGd41Q,2021-04-24,-15,0,,-5,-12,-3
GA,Gabon,Estuaire,,,GA-1,,ChIJ7fM4VIo7fxARzJXRXvGd41Q,2021-04-25,-13,7,,5,-16,-2
GA,Gabon,Estuaire,,,GA-1,,ChIJ7fM4VIo7fxARzJXRXvGd41Q,2021-04-26,-14,-1,,5,-13,-3
GA,Gabon,Estuaire,,,GA-1,,ChIJ7fM4VIo7fxARzJXRXvGd41Q,2021-04-27,-13,1,,9,-13,-2
GA,Gabon,Estuaire,,,GA-1,,ChIJ7fM4VIo7fxARzJXRXvGd41Q,2021-04-28,-13,-1,,9,-12,-3
GA,Gabon,Estuaire,,,GA-1,,ChIJ7fM4VIo7fxARzJXRXvGd41Q,2021-04-29,-13,1,,8,-13,-3
GA,Gabon,Estuaire,,,GA-1,,ChIJ7fM4VIo7fxARzJXRXvGd41Q,2021-04-30,-10,4,,10,-9,-4
GA,Gabon,Estuaire,,,GA-1,,ChIJ7fM4VIo7fxARzJXRXvGd41Q,2021-05-01,-19,-12,,-7,-34,0
GA,Gabon,Estuaire,,,GA-1,,ChIJ7fM4VIo7fxARzJXRXvGd41Q,2021-05-02,-9,15,,2,-18,-4
GA,Gabon,Estuaire,,,GA-1,,ChIJ7fM4VIo7fxARzJXRXvGd41Q,2021-05-03,-14,-1,,-2,-14,-3
GA,Gabon,Estuaire,,,GA-1,,ChIJ7fM4VIo7fxARzJXRXvGd41Q,2021-05-04,-8,7,,10,-13,-4
GA,Gabon,Estuaire,,,GA-1,,ChIJ7fM4VIo7fxARzJXRXvGd41Q,2021-05-05,-12,1,,3,-14,-2
GA,Gabon,Estuaire,,,GA-1,,ChIJ7fM4VIo7fxARzJXRXvGd41Q,2021-05-06,-7,10,,8,-11,-3
GA,Gabon,Estuaire,,,GA-1,,ChIJ7fM4VIo7fxARzJXRXvGd41Q,2021-05-07,-9,6,,12,-8,-3
GA,Gabon,Estuaire,,,GA-1,,ChIJ7fM4VIo7fxARzJXRXvGd41Q,2021-05-08,-8,11,,14,-10,-5
GA,Gabon,Estuaire,,,GA-1,,ChIJ7fM4VIo7fxARzJXRXvGd41Q,2021-05-09,-6,13,,2,-17,-3
GA,Gabon,Estuaire,,,GA-1,,ChIJ7fM4VIo7fxARzJXRXvGd41Q,2021-05-10,-11,5,,12,-9,-4
GA,Gabon,Estuaire,,,GA-1,,ChIJ7fM4VIo7fxARzJXRXvGd41Q,2021-05-11,-7,9,,17,-8,-4
GA,Gabon,Estuaire,,,GA-1,,ChIJ7fM4VIo7fxARzJXRXvGd41Q,2021-05-12,-5,8,,6,-7,-4
GA,Gabon,Estuaire,,,GA-1,,ChIJ7fM4VIo7fxARzJXRXvGd41Q,2021-05-13,-29,-19,,-23,-70,10
GA,Gabon,Estuaire,,,GA-1,,ChIJ7fM4VIo7fxARzJXRXvGd41Q,2021-05-14,-10,3,,8,-8,-3
GA,Gabon,Estuaire,,,GA-1,,ChIJ7fM4VIo7fxARzJXRXvGd41Q,2021-05-15,-10,7,,8,-9,-4
GA,Gabon,Estuaire,,,GA-1,,ChIJ7fM4VIo7fxARzJXRXvGd41Q,2021-05-16,-16,1,,0,-18,1
GA,Gabon,Estuaire,,,GA-1,,ChIJ7fM4VIo7fxARzJXRXvGd41Q,2021-05-17,-9,3,,3,-6,-5
GA,Gabon,Estuaire,,,GA-1,,ChIJ7fM4VIo7fxARzJXRXvGd41Q,2021-05-18,-8,1,,6,-6,-3
GA,Gabon,Estuaire,,,GA-1,,ChIJ7fM4VIo7fxARzJXRXvGd41Q,2021-05-19,-11,1,,4,-5,-3
GA,Gabon,Estuaire,,,GA-1,,ChIJ7fM4VIo7fxARzJXRXvGd41Q,2021-05-20,-9,8,,7,-4,-3
GA,Gabon,Estuaire,,,GA-1,,ChIJ7fM4VIo7fxARzJXRXvGd41Q,2021-05-21,-8,5,,11,-2,-5
GA,Gabon,Estuaire,,,GA-1,,ChIJ7fM4VIo7fxARzJXRXvGd41Q,2021-05-22,-7,9,,3,-4,-6
GA,Gabon,Estuaire,,,GA-1,,ChIJ7fM4VIo7fxARzJXRXvGd41Q,2021-05-23,-4,18,,4,-12,-6
GA,Gabon,Estuaire,,,GA-1,,ChIJ7fM4VIo7fxARzJXRXvGd41Q,2021-05-24,-20,-14,,-24,-65,6
GA,Gabon,Estuaire,,,GA-1,,ChIJ7fM4VIo7fxARzJXRXvGd41Q,2021-05-25,-4,9,,13,-9,-5
GA,Gabon,Estuaire,,,GA-1,,ChIJ7fM4VIo7fxARzJXRXvGd41Q,2021-05-26,0,12,,16,-9,-6
GA,Gabon,Estuaire,,,GA-1,,ChIJ7fM4VIo7fxARzJXRXvGd41Q,2021-05-27,-1,18,,11,-10,-6
GA,Gabon,Estuaire,,,GA-1,,ChIJ7fM4VIo7fxARzJXRXvGd41Q,2021-05-28,4,17,,25,-5,-8
GA,Gabon,Estuaire,,,GA-1,,ChIJ7fM4VIo7fxARzJXRXvGd41Q,2021-05-29,9,24,,21,-7,-12
GA,Gabon,Estuaire,,,GA-1,,ChIJ7fM4VIo7fxARzJXRXvGd41Q,2021-05-30,15,35,,12,-9,-13
GA,Gabon,Estuaire,,,GA-1,,ChIJ7fM4VIo7fxARzJXRXvGd41Q,2021-05-31,10,23,,11,-1,-13
GA,Gabon,Estuaire,,,GA-1,,ChIJ7fM4VIo7fxARzJXRXvGd41Q,2021-06-01,13,27,,19,-1,-12
GA,Gabon,Estuaire,,,GA-1,,ChIJ7fM4VIo7fxARzJXRXvGd41Q,2021-06-02,11,19,,19,0,-12
GA,Gabon,Estuaire,,,GA-1,,ChIJ7fM4VIo7fxARzJXRXvGd41Q,2021-06-03,11,26,,14,2,-13
GA,Gabon,Estuaire,,,GA-1,,ChIJ7fM4VIo7fxARzJXRXvGd41Q,2021-06-04,13,25,,21,5,-12
GA,Gabon,Estuaire,,,GA-1,,ChIJ7fM4VIo7fxARzJXRXvGd41Q,2021-06-05,14,30,,21,0,-15
GA,Gabon,Estuaire,,,GA-1,,ChIJ7fM4VIo7fxARzJXRXvGd41Q,2021-06-06,17,35,,14,-9,-13
GA,Gabon,Estuaire,,,GA-1,,ChIJ7fM4VIo7fxARzJXRXvGd41Q,2021-06-07,13,25,,10,0,-13
GA,Gabon,Estuaire,,,GA-1,,ChIJ7fM4VIo7fxARzJXRXvGd41Q,2021-06-08,16,28,,23,1,-14
GA,Gabon,Estuaire,,,GA-1,,ChIJ7fM4VIo7fxARzJXRXvGd41Q,2021-06-09,12,23,,18,1,-13
GA,Gabon,Estuaire,,,GA-1,,ChIJ7fM4VIo7fxARzJXRXvGd41Q,2021-06-10,14,26,,15,2,-14
GA,Gabon,Estuaire,,,GA-1,,ChIJ7fM4VIo7fxARzJXRXvGd41Q,2021-06-11,10,20,,19,5,-14
GA,Gabon,Estuaire,,,GA-1,,ChIJ7fM4VIo7fxARzJXRXvGd41Q,2021-06-12,9,19,,12,-2,-14
GA,Gabon,Estuaire,,,GA-1,,ChIJ7fM4VIo7fxARzJXRXvGd41Q,2021-06-13,7,25,,5,-10,-12
GA,Gabon,Estuaire,,,GA-1,,ChIJ7fM4VIo7fxARzJXRXvGd41Q,2021-06-14,6,15,,5,-2,-13
GA,Gabon,Estuaire,,,GA-1,,ChIJ7fM4VIo7fxARzJXRXvGd41Q,2021-06-15,8,20,,13,-1,-13
GA,Gabon,Estuaire,,,GA-1,,ChIJ7fM4VIo7fxARzJXRXvGd41Q,2021-06-16,8,15,,10,-3,-13
GA,Gabon,Estuaire,,,GA-1,,ChIJ7fM4VIo7fxARzJXRXvGd41Q,2021-06-17,7,15,,8,-5,-12
GA,Gabon,Estuaire,,,GA-1,,ChIJ7fM4VIo7fxARzJXRXvGd41Q,2021-06-18,7,17,,18,0,-14
GA,Gabon,Estuaire,,,GA-1,,ChIJ7fM4VIo7fxARzJXRXvGd41Q,2021-06-19,3,16,,7,-8,-13
GA,Gabon,Estuaire,,,GA-1,,ChIJ7fM4VIo7fxARzJXRXvGd41Q,2021-06-20,4,23,,2,-15,-13
GA,Gabon,Estuaire,,,GA-1,,ChIJ7fM4VIo7fxARzJXRXvGd41Q,2021-06-21,3,13,,-1,-6,-12
GA,Gabon,Estuaire,,,GA-1,,ChIJ7fM4VIo7fxARzJXRXvGd41Q,2021-06-22,0,8,,3,-9,-11
GA,Gabon,Estuaire,,,GA-1,,ChIJ7fM4VIo7fxARzJXRXvGd41Q,2021-06-23,2,7,,10,-6,-10
GA,Gabon,Estuaire,,,GA-1,,ChIJ7fM4VIo7fxARzJXRXvGd41Q,2021-06-24,6,18,,9,-5,-12
GA,Gabon,Estuaire,,,GA-1,,ChIJ7fM4VIo7fxARzJXRXvGd41Q,2021-06-25,15,22,,15,-2,-12
GA,Gabon,Estuaire,,,GA-1,,ChIJ7fM4VIo7fxARzJXRXvGd41Q,2021-06-26,11,25,,12,-7,-14
GA,Gabon,Estuaire,,,GA-1,,ChIJ7fM4VIo7fxARzJXRXvGd41Q,2021-06-27,13,29,,9,-13,-13
GA,Gabon,Estuaire,,,GA-1,,ChIJ7fM4VIo7fxARzJXRXvGd41Q,2021-06-28,10,19,,5,-7,-12
GA,Gabon,Estuaire,,,GA-1,,ChIJ7fM4VIo7fxARzJXRXvGd41Q,2021-06-29,6,14,,7,-8,-11
GA,Gabon,Estuaire,,,GA-1,,ChIJ7fM4VIo7fxARzJXRXvGd41Q,2021-06-30,12,17,,15,-6,-11
GA,Gabon,Estuaire,,,GA-1,,ChIJ7fM4VIo7fxARzJXRXvGd41Q,2021-07-01,15,25,,16,-7,-11
GA,Gabon,Estuaire,,,GA-1,,ChIJ7fM4VIo7fxARzJXRXvGd41Q,2021-07-02,16,25,,20,-2,-12
GA,Gabon,Estuaire,,,GA-1,,ChIJ7fM4VIo7fxARzJXRXvGd41Q,2021-07-03,17,29,,22,-4,-14
GA,Gabon,Estuaire,,,GA-1,,ChIJ7fM4VIo7fxARzJXRXvGd41Q,2021-07-04,16,33,,16,-11,-12
GA,Gabon,Estuaire,,,GA-1,,ChIJ7fM4VIo7fxARzJXRXvGd41Q,2021-07-05,19,27,,14,-5,-12
GA,Gabon,Estuaire,,,GA-1,,ChIJ7fM4VIo7fxARzJXRXvGd41Q,2021-07-06,22,28,,29,-6,-12
GA,Gabon,Estuaire,,,GA-1,,ChIJ7fM4VIo7fxARzJXRXvGd41Q,2021-07-07,18,23,,19,-8,-12
GA,Gabon,Estuaire,,,GA-1,,ChIJ7fM4VIo7fxARzJXRXvGd41Q,2021-07-08,17,27,,16,-6,-13
GA,Gabon,Estuaire,,,GA-1,,ChIJ7fM4VIo7fxARzJXRXvGd41Q,2021-07-09,18,25,,28,-3,-13
GA,Gabon,Estuaire,,,GA-1,,ChIJ7fM4VIo7fxARzJXRXvGd41Q,2021-07-10,14,25,,23,-5,-15
GA,Gabon,Estuaire,,,GA-1,,ChIJ7fM4VIo7fxARzJXRXvGd41Q,2021-07-11,18,33,,13,-10,-14
GA,Gabon,Estuaire,,,GA-1,,ChIJ7fM4VIo7fxARzJXRXvGd41Q,2021-07-12,17,19,,14,-9,-12
GA,Gabon,Estuaire,,,GA-1,,ChIJ7fM4VIo7fxARzJXRXvGd41Q,2021-07-13,16,25,,28,-7,-13
GA,Gabon,Estuaire,,,GA-1,,ChIJ7fM4VIo7fxARzJXRXvGd41Q,2021-07-14,15,15,,20,-8,-11
GA,Gabon,Estuaire,,,GA-1,,ChIJ7fM4VIo7fxARzJXRXvGd41Q,2021-07-15,15,21,,17,-7,-11
GA,Gabon,Estuaire,,,GA-1,,ChIJ7fM4VIo7fxARzJXRXvGd41Q,2021-07-16,18,20,,27,-4,-12
GA,Gabon,Estuaire,,,GA-1,,ChIJ7fM4VIo7fxARzJXRXvGd41Q,2021-07-17,16,22,,18,-7,-14
GA,Gabon,Estuaire,,,GA-1,,ChIJ7fM4VIo7fxARzJXRXvGd41Q,2021-07-18,19,31,,20,-7,-14
GA,Gabon,Estuaire,,,GA-1,,ChIJ7fM4VIo7fxARzJXRXvGd41Q,2021-07-19,24,26,,23,-7,-13
GA,Gabon,Estuaire,,,GA-1,,ChIJ7fM4VIo7fxARzJXRXvGd41Q,2021-07-20,-5,-4,,-4,-67,-3
GA,Gabon,Estuaire,,,GA-1,,ChIJ7fM4VIo7fxARzJXRXvGd41Q,2021-07-21,16,17,,19,-8,-13
GA,Gabon,Estuaire,,,GA-1,,ChIJ7fM4VIo7fxARzJXRXvGd41Q,2021-07-22,16,22,,15,-8,-12
GA,Gabon,Estuaire,,,GA-1,,ChIJ7fM4VIo7fxARzJXRXvGd41Q,2021-07-23,18,25,,25,-3,-13
GA,Gabon,Estuaire,,,GA-1,,ChIJ7fM4VIo7fxARzJXRXvGd41Q,2021-07-24,17,28,,18,-6,-14
GA,Gabon,Estuaire,,,GA-1,,ChIJ7fM4VIo7fxARzJXRXvGd41Q,2021-07-25,23,34,,13,-6,-14
GA,Gabon,Estuaire,,,GA-1,,ChIJ7fM4VIo7fxARzJXRXvGd41Q,2021-07-26,22,28,,15,-8,-12
GA,Gabon,Estuaire,,,GA-1,,ChIJ7fM4VIo7fxARzJXRXvGd41Q,2021-07-27,24,31,,30,-7,-12
GA,Gabon,Estuaire,,,GA-1,,ChIJ7fM4VIo7fxARzJXRXvGd41Q,2021-07-28,23,25,,28,-8,-13
GA,Gabon,Estuaire,,,GA-1,,ChIJ7fM4VIo7fxARzJXRXvGd41Q,2021-07-29,25,31,,27,-9,-12
GA,Gabon,Estuaire,,,GA-1,,ChIJ7fM4VIo7fxARzJXRXvGd41Q,2021-07-30,25,31,,27,-7,-12
GA,Gabon,Estuaire,,,GA-1,,ChIJ7fM4VIo7fxARzJXRXvGd41Q,2021-07-31,24,32,,59,-6,-15
GA,Gabon,Estuaire,,,GA-1,,ChIJ7fM4VIo7fxARzJXRXvGd41Q,2021-08-01,27,41,,35,-2,-14
GA,Gabon,Estuaire,,,GA-1,,ChIJ7fM4VIo7fxARzJXRXvGd41Q,2021-08-02,25,31,,19,-11,-11
GA,Gabon,Estuaire,,,GA-1,,ChIJ7fM4VIo7fxARzJXRXvGd41Q,2021-08-03,27,32,,33,-12,-12
GA,Gabon,Estuaire,,,GA-1,,ChIJ7fM4VIo7fxARzJXRXvGd41Q,2021-08-04,24,26,,28,-12,-13
GA,Gabon,Estuaire,,,GA-1,,ChIJ7fM4VIo7fxARzJXRXvGd41Q,2021-08-05,24,32,,23,-11,-12
GA,Gabon,Estuaire,,,GA-1,,ChIJ7fM4VIo7fxARzJXRXvGd41Q,2021-08-06,23,31,,34,-8,-13
GA,Gabon,Estuaire,,,GA-1,,ChIJ7fM4VIo7fxARzJXRXvGd41Q,2021-08-07,22,32,,26,-8,-15
GA,Gabon,Estuaire,,,GA-1,,ChIJ7fM4VIo7fxARzJXRXvGd41Q,2021-08-08,24,39,,20,-5,-13
GA,Gabon,Estuaire,,,GA-1,,ChIJ7fM4VIo7fxARzJXRXvGd41Q,2021-08-09,30,32,,26,-12,-13
GA,Gabon,Estuaire,,,GA-1,,ChIJ7fM4VIo7fxARzJXRXvGd41Q,2021-08-10,30,33,,37,-11,-13
GA,Gabon,Estuaire,,,GA-1,,ChIJ7fM4VIo7fxARzJXRXvGd41Q,2021-08-11,27,30,,34,-12,-13
GA,Gabon,Estuaire,,,GA-1,,ChIJ7fM4VIo7fxARzJXRXvGd41Q,2021-08-12,27,25,,28,-12,-13
GA,Gabon,Estuaire,,,GA-1,,ChIJ7fM4VIo7fxARzJXRXvGd41Q,2021-08-13,25,25,,30,-10,-13
GA,Gabon,Estuaire,,,GA-1,,ChIJ7fM4VIo7fxARzJXRXvGd41Q,2021-08-14,22,24,,25,-8,-14
GA,Gabon,Estuaire,,,GA-1,,ChIJ7fM4VIo7fxARzJXRXvGd41Q,2021-08-15,27,36,,23,-6,-15
GA,Gabon,Estuaire,,,GA-1,,ChIJ7fM4VIo7fxARzJXRXvGd41Q,2021-08-16,13,9,,0,-58,-5
GA,Gabon,Estuaire,,,GA-1,,ChIJ7fM4VIo7fxARzJXRXvGd41Q,2021-08-17,-15,-24,,-17,-73,3
GA,Gabon,Estuaire,,,GA-1,,ChIJ7fM4VIo7fxARzJXRXvGd41Q,2021-08-18,16,16,,18,-15,-9
GA,Gabon,Estuaire,,,GA-1,,ChIJ7fM4VIo7fxARzJXRXvGd41Q,2021-08-19,20,20,,15,-14,-9
GA,Gabon,Estuaire,,,GA-1,,ChIJ7fM4VIo7fxARzJXRXvGd41Q,2021-08-20,17,18,,23,-10,-9
GA,Gabon,Estuaire,,,GA-1,,ChIJ7fM4VIo7fxARzJXRXvGd41Q,2021-08-21,12,14,,9,-8,-12
GA,Gabon,Estuaire,,,GA-1,,ChIJ7fM4VIo7fxARzJXRXvGd41Q,2021-08-22,16,22,,9,-3,-12
GA,Gabon,Estuaire,,,GA-1,,ChIJ7fM4VIo7fxARzJXRXvGd41Q,2021-08-23,16,12,,14,-14,-10
GA,Gabon,Estuaire,,,GA-1,,ChIJ7fM4VIo7fxARzJXRXvGd41Q,2021-08-24,18,19,,21,-13,-11
GA,Gabon,Estuaire,,,GA-1,,ChIJ7fM4VIo7fxARzJXRXvGd41Q,2021-08-25,22,23,,24,-13,-12
GA,Gabon,Estuaire,,,GA-1,,ChIJ7fM4VIo7fxARzJXRXvGd41Q,2021-08-26,25,28,,17,-14,-12
GA,Gabon,Estuaire,,,GA-1,,ChIJ7fM4VIo7fxARzJXRXvGd41Q,2021-08-27,21,25,,30,-11,-12
GA,Gabon,Estuaire,,,GA-1,,ChIJ7fM4VIo7fxARzJXRXvGd41Q,2021-08-28,16,21,,15,-9,-14
GA,Gabon,Estuaire,,,GA-1,,ChIJ7fM4VIo7fxARzJXRXvGd41Q,2021-08-29,19,26,,13,-6,-13
GA,Gabon,Estuaire,,,GA-1,,ChIJ7fM4VIo7fxARzJXRXvGd41Q,2021-08-30,23,19,,15,-16,-12
GA,Gabon,Estuaire,,,GA-1,,ChIJ7fM4VIo7fxARzJXRXvGd41Q,2021-08-31,21,22,,24,-14,-11
GA,Gabon,Estuaire,,,GA-1,,ChIJ7fM4VIo7fxARzJXRXvGd41Q,2021-09-01,22,22,,20,-13,-11
GA,Gabon,Estuaire,,,GA-1,,ChIJ7fM4VIo7fxARzJXRXvGd41Q,2021-09-02,25,24,,21,-13,-11
GA,Gabon,Estuaire,,,GA-1,,ChIJ7fM4VIo7fxARzJXRXvGd41Q,2021-09-03,21,20,,31,-8,-11
GA,Gabon,Estuaire,,,GA-1,,ChIJ7fM4VIo7fxARzJXRXvGd41Q,2021-09-04,12,13,,11,-8,-10
GA,Gabon,Estuaire,,,GA-1,,ChIJ7fM4VIo7fxARzJXRXvGd41Q,2021-09-05,25,29,,17,-2,-13
GA,Gabon,Estuaire,,,GA-1,,ChIJ7fM4VIo7fxARzJXRXvGd41Q,2021-09-06,28,23,,22,-11,-12
GA,Gabon,Estuaire,,,GA-1,,ChIJ7fM4VIo7fxARzJXRXvGd41Q,2021-09-07,27,27,,33,-10,-12
GA,Gabon,Estuaire,,,GA-1,,ChIJ7fM4VIo7fxARzJXRXvGd41Q,2021-09-08,25,21,,27,-10,-12
GA,Gabon,Estuaire,,,GA-1,,ChIJ7fM4VIo7fxARzJXRXvGd41Q,2021-09-09,25,22,,16,-9,-11
GA,Gabon,Estuaire,,,GA-1,,ChIJ7fM4VIo7fxARzJXRXvGd41Q,2021-09-10,22,20,,32,-5,-12
GA,Gabon,Estuaire,,,GA-1,,ChIJ7fM4VIo7fxARzJXRXvGd41Q,2021-09-11,16,17,,13,-8,-11
GA,Gabon,Estuaire,,,GA-1,,ChIJ7fM4VIo7fxARzJXRXvGd41Q,2021-09-12,26,29,,16,-2,-12
GA,Gabon,Estuaire,,,GA-1,,ChIJ7fM4VIo7fxARzJXRXvGd41Q,2021-09-13,25,17,,21,-11,-12
GA,Gabon,Estuaire,,,GA-1,,ChIJ7fM4VIo7fxARzJXRXvGd41Q,2021-09-14,24,19,,29,-10,-12
GA,Gabon,Estuaire,,,GA-1,,ChIJ7fM4VIo7fxARzJXRXvGd41Q,2021-09-15,23,16,,20,-10,-11
GA,Gabon,Estuaire,,,GA-1,,ChIJ7fM4VIo7fxARzJXRXvGd41Q,2021-09-16,22,22,,17,-9,-10
GA,Gabon,Estuaire,,,GA-1,,ChIJ7fM4VIo7fxARzJXRXvGd41Q,2021-09-17,17,16,,31,-6,-12
GA,Gabon,Estuaire,,,GA-1,,ChIJ7fM4VIo7fxARzJXRXvGd41Q,2021-09-18,17,18,,21,-5,-11
GA,Gabon,Estuaire,,,GA-1,,ChIJ7fM4VIo7fxARzJXRXvGd41Q,2021-09-19,22,25,,19,-5,-10
GA,Gabon,Estuaire,,,GA-1,,ChIJ7fM4VIo7fxARzJXRXvGd41Q,2021-09-20,22,16,,18,-11,-11
GA,Gabon,Estuaire,,,GA-1,,ChIJ7fM4VIo7fxARzJXRXvGd41Q,2021-09-21,22,22,,24,-9,-10
GA,Gabon,Estuaire,,,GA-1,,ChIJ7fM4VIo7fxARzJXRXvGd41Q,2021-09-22,19,16,,14,-5,-9
GA,Gabon,Estuaire,,,GA-1,,ChIJ7fM4VIo7fxARzJXRXvGd41Q,2021-09-23,22,22,,18,-5,-10
GA,Gabon,Estuaire,,,GA-1,,ChIJ7fM4VIo7fxARzJXRXvGd41Q,2021-09-24,19,18,,22,-5,-9
GA,Gabon,Estuaire,,,GA-1,,ChIJ7fM4VIo7fxARzJXRXvGd41Q,2021-09-25,30,31,,29,-2,-13
GA,Gabon,Estuaire,,,GA-1,,ChIJ7fM4VIo7fxARzJXRXvGd41Q,2021-09-26,33,38,,22,-1,-13
GA,Gabon,Estuaire,,,GA-1,,ChIJ7fM4VIo7fxARzJXRXvGd41Q,2021-09-27,35,30,,27,-7,-13
GA,Gabon,Estuaire,,,GA-1,,ChIJ7fM4VIo7fxARzJXRXvGd41Q,2021-09-28,30,34,,32,-7,-12
GA,Gabon,Estuaire,,,GA-1,,ChIJ7fM4VIo7fxARzJXRXvGd41Q,2021-09-29,29,27,,24,-5,-12
GA,Gabon,Estuaire,,,GA-1,,ChIJ7fM4VIo7fxARzJXRXvGd41Q,2021-09-30,32,35,,21,-4,-13
GA,Gabon,Estuaire,,,GA-1,,ChIJ7fM4VIo7fxARzJXRXvGd41Q,2021-10-01,27,29,,30,-1,-12
GA,Gabon,Estuaire,,,GA-1,,ChIJ7fM4VIo7fxARzJXRXvGd41Q,2021-10-02,32,37,,32,0,-14
GA,Gabon,Estuaire,,,GA-1,,ChIJ7fM4VIo7fxARzJXRXvGd41Q,2021-10-03,36,42,,35,-1,-13
GA,Gabon,Estuaire,,,GA-1,,ChIJ7fM4VIo7fxARzJXRXvGd41Q,2021-10-04,35,31,,31,-5,-15
GA,Gabon,Estuaire,,,GA-1,,ChIJ7fM4VIo7fxARzJXRXvGd41Q,2021-10-05,33,32,,36,-4,-15
GA,Gabon,Estuaire,,,GA-1,,ChIJ7fM4VIo7fxARzJXRXvGd41Q,2021-10-06,35,27,,33,-3,-14
GA,Gabon,Estuaire,,,GA-1,,ChIJ7fM4VIo7fxARzJXRXvGd41Q,2021-10-07,33,34,,27,-1,-13
GA,Gabon,Estuaire,,,GA-1,,ChIJ7fM4VIo7fxARzJXRXvGd41Q,2021-10-08,31,31,,38,2,-13
GA,Gabon,Estuaire,,,GA-1,,ChIJ7fM4VIo7fxARzJXRXvGd41Q,2021-10-09,16,18,,12,-5,-9
GA,Gabon,Estuaire,,,GA-1,,ChIJ7fM4VIo7fxARzJXRXvGd41Q,2021-10-10,33,39,,28,1,-12
GA,Gabon,Estuaire,,,GA-1,,ChIJ7fM4VIo7fxARzJXRXvGd41Q,2021-10-11,34,27,,28,-4,-13
GA,Gabon,Estuaire,,,GA-1,,ChIJ7fM4VIo7fxARzJXRXvGd41Q,2021-10-12,31,26,,26,-1,-13
GA,Gabon,Haut-Ogooue,,,GA-2,,ChIJAYoFZ56rcBoR-0qISkIyE24,2021-01-01,,,,,-61,
GA,Gabon,Haut-Ogooue,,,GA-2,,ChIJAYoFZ56rcBoR-0qISkIyE24,2021-01-04,,,,,-28,
GA,Gabon,Haut-Ogooue,,,GA-2,,ChIJAYoFZ56rcBoR-0qISkIyE24,2021-01-05,,,,,-20,
GA,Gabon,Haut-Ogooue,,,GA-2,,ChIJAYoFZ56rcBoR-0qISkIyE24,2021-01-06,,,,,-16,
GA,Gabon,Haut-Ogooue,,,GA-2,,ChIJAYoFZ56rcBoR-0qISkIyE24,2021-01-07,,,,,-17,
GA,Gabon,Haut-Ogooue,,,GA-2,,ChIJAYoFZ56rcBoR-0qISkIyE24,2021-01-08,,,,,-13,
GA,Gabon,Haut-Ogooue,,,GA-2,,ChIJAYoFZ56rcBoR-0qISkIyE24,2021-01-11,,,,,-21,
GA,Gabon,Haut-Ogooue,,,GA-2,,ChIJAYoFZ56rcBoR-0qISkIyE24,2021-01-12,,,,,-17,
GA,Gabon,Haut-Ogooue,,,GA-2,,ChIJAYoFZ56rcBoR-0qISkIyE24,2021-01-13,,,,,-16,
GA,Gabon,Haut-Ogooue,,,GA-2,,ChIJAYoFZ56rcBoR-0qISkIyE24,2021-01-14,,,,,-20,
GA,Gabon,Haut-Ogooue,,,GA-2,,ChIJAYoFZ56rcBoR-0qISkIyE24,2021-01-15,,,,,-21,
GA,Gabon,Haut-Ogooue,,,GA-2,,ChIJAYoFZ56rcBoR-0qISkIyE24,2021-01-18,,,,,-30,
GA,Gabon,Haut-Ogooue,,,GA-2,,ChIJAYoFZ56rcBoR-0qISkIyE24,2021-01-19,,,,,-35,
GA,Gabon,Haut-Ogooue,,,GA-2,,ChIJAYoFZ56rcBoR-0qISkIyE24,2021-01-20,,,,,-28,
GA,Gabon,Haut-Ogooue,,,GA-2,,ChIJAYoFZ56rcBoR-0qISkIyE24,2021-01-21,,,,,-26,
GA,Gabon,Haut-Ogooue,,,GA-2,,ChIJAYoFZ56rcBoR-0qISkIyE24,2021-01-22,,,,,-21,
GA,Gabon,Haut-Ogooue,,,GA-2,,ChIJAYoFZ56rcBoR-0qISkIyE24,2021-01-25,,,,,-22,
GA,Gabon,Haut-Ogooue,,,GA-2,,ChIJAYoFZ56rcBoR-0qISkIyE24,2021-01-26,,,,,-28,
GA,Gabon,Haut-Ogooue,,,GA-2,,ChIJAYoFZ56rcBoR-0qISkIyE24,2021-01-27,,,,,-19,
GA,Gabon,Haut-Ogooue,,,GA-2,,ChIJAYoFZ56rcBoR-0qISkIyE24,2021-01-28,,,,,-20,
GA,Gabon,Haut-Ogooue,,,GA-2,,ChIJAYoFZ56rcBoR-0qISkIyE24,2021-01-29,,,,,-23,
GA,Gabon,Haut-Ogooue,,,GA-2,,ChIJAYoFZ56rcBoR-0qISkIyE24,2021-02-01,,,,,-27,
GA,Gabon,Haut-Ogooue,,,GA-2,,ChIJAYoFZ56rcBoR-0qISkIyE24,2021-02-02,,,,,-23,
GA,Gabon,Haut-Ogooue,,,GA-2,,ChIJAYoFZ56rcBoR-0qISkIyE24,2021-02-03,,,,,-25,
GA,Gabon,Haut-Ogooue,,,GA-2,,ChIJAYoFZ56rcBoR-0qISkIyE24,2021-02-04,,,,,-35,
GA,Gabon,Haut-Ogooue,,,GA-2,,ChIJAYoFZ56rcBoR-0qISkIyE24,2021-02-05,,,,,-27,
GA,Gabon,Haut-Ogooue,,,GA-2,,ChIJAYoFZ56rcBoR-0qISkIyE24,2021-02-08,,,,,-34,
GA,Gabon,Haut-Ogooue,,,GA-2,,ChIJAYoFZ56rcBoR-0qISkIyE24,2021-02-09,,,,,-30,
GA,Gabon,Haut-Ogooue,,,GA-2,,ChIJAYoFZ56rcBoR-0qISkIyE24,2021-02-10,,,,,-29,
GA,Gabon,Haut-Ogooue,,,GA-2,,ChIJAYoFZ56rcBoR-0qISkIyE24,2021-02-11,,,,,-38,
GA,Gabon,Haut-Ogooue,,,GA-2,,ChIJAYoFZ56rcBoR-0qISkIyE24,2021-02-12,,,,,-29,
GA,Gabon,Haut-Ogooue,,,GA-2,,ChIJAYoFZ56rcBoR-0qISkIyE24,2021-02-15,,,,,-37,
GA,Gabon,Haut-Ogooue,,,GA-2,,ChIJAYoFZ56rcBoR-0qISkIyE24,2021-02-16,,,,,-35,
GA,Gabon,Haut-Ogooue,,,GA-2,,ChIJAYoFZ56rcBoR-0qISkIyE24,2021-02-17,,,,,-39,
GA,Gabon,Haut-Ogooue,,,GA-2,,ChIJAYoFZ56rcBoR-0qISkIyE24,2021-02-18,,,,,-31,
GA,Gabon,Haut-Ogooue,,,GA-2,,ChIJAYoFZ56rcBoR-0qISkIyE24,2021-02-19,,,,,-39,
GA,Gabon,Haut-Ogooue,,,GA-2,,ChIJAYoFZ56rcBoR-0qISkIyE24,2021-02-22,,,,,-39,
GA,Gabon,Haut-Ogooue,,,GA-2,,ChIJAYoFZ56rcBoR-0qISkIyE24,2021-02-23,,,,,-34,
GA,Gabon,Haut-Ogooue,,,GA-2,,ChIJAYoFZ56rcBoR-0qISkIyE24,2021-02-24,,,,,-32,
GA,Gabon,Haut-Ogooue,,,GA-2,,ChIJAYoFZ56rcBoR-0qISkIyE24,2021-02-25,,,,,-36,
GA,Gabon,Haut-Ogooue,,,GA-2,,ChIJAYoFZ56rcBoR-0qISkIyE24,2021-02-26,,,,,-30,
GA,Gabon,Haut-Ogooue,,,GA-2,,ChIJAYoFZ56rcBoR-0qISkIyE24,2021-03-01,,,,,-37,
GA,Gabon,Haut-Ogooue,,,GA-2,,ChIJAYoFZ56rcBoR-0qISkIyE24,2021-03-02,,,,,-34,
GA,Gabon,Haut-Ogooue,,,GA-2,,ChIJAYoFZ56rcBoR-0qISkIyE24,2021-03-03,,,,,-34,
GA,Gabon,Haut-Ogooue,,,GA-2,,ChIJAYoFZ56rcBoR-0qISkIyE24,2021-03-04,,,,,-34,
GA,Gabon,Haut-Ogooue,,,GA-2,,ChIJAYoFZ56rcBoR-0qISkIyE24,2021-03-05,,,,,-32,
GA,Gabon,Haut-Ogooue,,,GA-2,,ChIJAYoFZ56rcBoR-0qISkIyE24,2021-03-08,,,,,-40,
GA,Gabon,Haut-Ogooue,,,GA-2,,ChIJAYoFZ56rcBoR-0qISkIyE24,2021-03-09,,,,,-32,
GA,Gabon,Haut-Ogooue,,,GA-2,,ChIJAYoFZ56rcBoR-0qISkIyE24,2021-03-10,,,,,-31,
GA,Gabon,Haut-Ogooue,,,GA-2,,ChIJAYoFZ56rcBoR-0qISkIyE24,2021-03-11,,,,,-36,
GA,Gabon,Haut-Ogooue,,,GA-2,,ChIJAYoFZ56rcBoR-0qISkIyE24,2021-03-12,,,,,-32,
GA,Gabon,Haut-Ogooue,,,GA-2,,ChIJAYoFZ56rcBoR-0qISkIyE24,2021-03-15,,,,,-30,
GA,Gabon,Haut-Ogooue,,,GA-2,,ChIJAYoFZ56rcBoR-0qISkIyE24,2021-03-16,,,,,-34,
GA,Gabon,Haut-Ogooue,,,GA-2,,ChIJAYoFZ56rcBoR-0qISkIyE24,2021-03-17,,,,,-28,
GA,Gabon,Haut-Ogooue,,,GA-2,,ChIJAYoFZ56rcBoR-0qISkIyE24,2021-03-18,,,,,-34,
GA,Gabon,Haut-Ogooue,,,GA-2,,ChIJAYoFZ56rcBoR-0qISkIyE24,2021-03-19,,,,,-31,
GA,Gabon,Haut-Ogooue,,,GA-2,,ChIJAYoFZ56rcBoR-0qISkIyE24,2021-03-22,,,,,-41,
GA,Gabon,Haut-Ogooue,,,GA-2,,ChIJAYoFZ56rcBoR-0qISkIyE24,2021-03-23,,,,,-37,
GA,Gabon,Haut-Ogooue,,,GA-2,,ChIJAYoFZ56rcBoR-0qISkIyE24,2021-03-24,,,,,-36,
GA,Gabon,Haut-Ogooue,,,GA-2,,ChIJAYoFZ56rcBoR-0qISkIyE24,2021-03-25,,,,,-32,
GA,Gabon,Haut-Ogooue,,,GA-2,,ChIJAYoFZ56rcBoR-0qISkIyE24,2021-03-26,,,,,-29,
GA,Gabon,Haut-Ogooue,,,GA-2,,ChIJAYoFZ56rcBoR-0qISkIyE24,2021-03-29,,,,,-25,
GA,Gabon,Haut-Ogooue,,,GA-2,,ChIJAYoFZ56rcBoR-0qISkIyE24,2021-03-30,,,,,-32,
GA,Gabon,Haut-Ogooue,,,GA-2,,ChIJAYoFZ56rcBoR-0qISkIyE24,2021-03-31,,,,,-24,
GA,Gabon,Haut-Ogooue,,,GA-2,,ChIJAYoFZ56rcBoR-0qISkIyE24,2021-04-01,,,,,-31,
GA,Gabon,Haut-Ogooue,,,GA-2,,ChIJAYoFZ56rcBoR-0qISkIyE24,2021-04-02,,,,,-26,
GA,Gabon,Haut-Ogooue,,,GA-2,,ChIJAYoFZ56rcBoR-0qISkIyE24,2021-04-05,,,,,-62,
GA,Gabon,Haut-Ogooue,,,GA-2,,ChIJAYoFZ56rcBoR-0qISkIyE24,2021-04-06,,,,,-31,
GA,Gabon,Haut-Ogooue,,,GA-2,,ChIJAYoFZ56rcBoR-0qISkIyE24,2021-04-07,,,,,-30,
GA,Gabon,Haut-Ogooue,,,GA-2,,ChIJAYoFZ56rcBoR-0qISkIyE24,2021-04-08,,,,,-28,
GA,Gabon,Haut-Ogooue,,,GA-2,,ChIJAYoFZ56rcBoR-0qISkIyE24,2021-04-09,,,,,-23,
GA,Gabon,Haut-Ogooue,,,GA-2,,ChIJAYoFZ56rcBoR-0qISkIyE24,2021-04-12,,,,,-32,
GA,Gabon,Haut-Ogooue,,,GA-2,,ChIJAYoFZ56rcBoR-0qISkIyE24,2021-04-13,,,,,-28,
GA,Gabon,Haut-Ogooue,,,GA-2,,ChIJAYoFZ56rcBoR-0qISkIyE24,2021-04-14,,,,,-34,
GA,Gabon,Haut-Ogooue,,,GA-2,,ChIJAYoFZ56rcBoR-0qISkIyE24,2021-04-15,,,,,-36,
GA,Gabon,Haut-Ogooue,,,GA-2,,ChIJAYoFZ56rcBoR-0qISkIyE24,2021-04-16,,,,,-28,
GA,Gabon,Haut-Ogooue,,,GA-2,,ChIJAYoFZ56rcBoR-0qISkIyE24,2021-04-19,,,,,-34,
GA,Gabon,Haut-Ogooue,,,GA-2,,ChIJAYoFZ56rcBoR-0qISkIyE24,2021-04-20,,,,,-30,
GA,Gabon,Haut-Ogooue,,,GA-2,,ChIJAYoFZ56rcBoR-0qISkIyE24,2021-04-21,,,,,-28,
GA,Gabon,Haut-Ogooue,,,GA-2,,ChIJAYoFZ56rcBoR-0qISkIyE24,2021-04-22,,,,,-30,
GA,Gabon,Haut-Ogooue,,,GA-2,,ChIJAYoFZ56rcBoR-0qISkIyE24,2021-04-23,,,,,-26,
GA,Gabon,Haut-Ogooue,,,GA-2,,ChIJAYoFZ56rcBoR-0qISkIyE24,2021-04-26,,,,,-35,
GA,Gabon,Haut-Ogooue,,,GA-2,,ChIJAYoFZ56rcBoR-0qISkIyE24,2021-04-27,,,,,-35,
GA,Gabon,Haut-Ogooue,,,GA-2,,ChIJAYoFZ56rcBoR-0qISkIyE24,2021-04-28,,,,,-32,
GA,Gabon,Haut-Ogooue,,,GA-2,,ChIJAYoFZ56rcBoR-0qISkIyE24,2021-04-29,,,,,-29,
GA,Gabon,Haut-Ogooue,,,GA-2,,ChIJAYoFZ56rcBoR-0qISkIyE24,2021-04-30,,,,,-28,
GA,Gabon,Haut-Ogooue,,,GA-2,,ChIJAYoFZ56rcBoR-0qISkIyE24,2021-05-03,,,,,-33,
GA,Gabon,Haut-Ogooue,,,GA-2,,ChIJAYoFZ56rcBoR-0qISkIyE24,2021-05-04,,,,,-25,
GA,Gabon,Haut-Ogooue,,,GA-2,,ChIJAYoFZ56rcBoR-0qISkIyE24,2021-05-05,,,,,-24,
GA,Gabon,Haut-Ogooue,,,GA-2,,ChIJAYoFZ56rcBoR-0qISkIyE24,2021-05-06,,,,,-22,
GA,Gabon,Haut-Ogooue,,,GA-2,,ChIJAYoFZ56rcBoR-0qISkIyE24,2021-05-07,,,,,-23,
GA,Gabon,Haut-Ogooue,,,GA-2,,ChIJAYoFZ56rcBoR-0qISkIyE24,2021-05-10,,,,,-23,
GA,Gabon,Haut-Ogooue,,,GA-2,,ChIJAYoFZ56rcBoR-0qISkIyE24,2021-05-11,,,,,-26,
GA,Gabon,Haut-Ogooue,,,GA-2,,ChIJAYoFZ56rcBoR-0qISkIyE24,2021-05-12,,,,,-23,
GA,Gabon,Haut-Ogooue,,,GA-2,,ChIJAYoFZ56rcBoR-0qISkIyE24,2021-05-13,,,,,-59,
GA,Gabon,Haut-Ogooue,,,GA-2,,ChIJAYoFZ56rcBoR-0qISkIyE24,2021-05-14,,,,,-19,
GA,Gabon,Haut-Ogooue,,,GA-2,,ChIJAYoFZ56rcBoR-0qISkIyE24,2021-05-17,,,,,-26,
GA,Gabon,Haut-Ogooue,,,GA-2,,ChIJAYoFZ56rcBoR-0qISkIyE24,2021-05-18,,,,,-20,
GA,Gabon,Haut-Ogooue,,,GA-2,,ChIJAYoFZ56rcBoR-0qISkIyE24,2021-05-19,,,,,-26,
GA,Gabon,Haut-Ogooue,,,GA-2,,ChIJAYoFZ56rcBoR-0qISkIyE24,2021-05-20,,,,,-17,
GA,Gabon,Haut-Ogooue,,,GA-2,,ChIJAYoFZ56rcBoR-0qISkIyE24,2021-05-21,,,,,-14,
GA,Gabon,Haut-Ogooue,,,GA-2,,ChIJAYoFZ56rcBoR-0qISkIyE24,2021-05-24,,,,,-58,
GA,Gabon,Haut-Ogooue,,,GA-2,,ChIJAYoFZ56rcBoR-0qISkIyE24,2021-05-25,,,,,-18,
GA,Gabon,Haut-Ogooue,,,GA-2,,ChIJAYoFZ56rcBoR-0qISkIyE24,2021-05-26,,,,,-30,
GA,Gabon,Haut-Ogooue,,,GA-2,,ChIJAYoFZ56rcBoR-0qISkIyE24,2021-05-27,,,,,-21,
GA,Gabon,Haut-Ogooue,,,GA-2,,ChIJAYoFZ56rcBoR-0qISkIyE24,2021-05-28,,,,,-20,
GA,Gabon,Haut-Ogooue,,,GA-2,,ChIJAYoFZ56rcBoR-0qISkIyE24,2021-05-31,,,,,-7,
GA,Gabon,Haut-Ogooue,,,GA-2,,ChIJAYoFZ56rcBoR-0qISkIyE24,2021-06-01,,,,,-15,
GA,Gabon,Haut-Ogooue,,,GA-2,,ChIJAYoFZ56rcBoR-0qISkIyE24,2021-06-02,,,,,-9,
GA,Gabon,Haut-Ogooue,,,GA-2,,ChIJAYoFZ56rcBoR-0qISkIyE24,2021-06-03,,,,,-14,
GA,Gabon,Haut-Ogooue,,,GA-2,,ChIJAYoFZ56rcBoR-0qISkIyE24,2021-06-04,,,,,-12,
GA,Gabon,Haut-Ogooue,,,GA-2,,ChIJAYoFZ56rcBoR-0qISkIyE24,2021-06-07,,,,,-12,
GA,Gabon,Haut-Ogooue,,,GA-2,,ChIJAYoFZ56rcBoR-0qISkIyE24,2021-06-08,,,,,-12,
GA,Gabon,Haut-Ogooue,,,GA-2,,ChIJAYoFZ56rcBoR-0qISkIyE24,2021-06-09,,,,,-15,
GA,Gabon,Haut-Ogooue,,,GA-2,,ChIJAYoFZ56rcBoR-0qISkIyE24,2021-06-10,,,,,-12,
GA,Gabon,Haut-Ogooue,,,GA-2,,ChIJAYoFZ56rcBoR-0qISkIyE24,2021-06-11,,,,,-16,
GA,Gabon,Haut-Ogooue,,,GA-2,,ChIJAYoFZ56rcBoR-0qISkIyE24,2021-06-14,,,,,-25,
GA,Gabon,Haut-Ogooue,,,GA-2,,ChIJAYoFZ56rcBoR-0qISkIyE24,2021-06-15,,,,,-20,
GA,Gabon,Haut-Ogooue,,,GA-2,,ChIJAYoFZ56rcBoR-0qISkIyE24,2021-06-16,,,,,-15,
GA,Gabon,Haut-Ogooue,,,GA-2,,ChIJAYoFZ56rcBoR-0qISkIyE24,2021-06-17,,,,,-16,
GA,Gabon,Haut-Ogooue,,,GA-2,,ChIJAYoFZ56rcBoR-0qISkIyE24,2021-06-18,,,,,-17,
GA,Gabon,Haut-Ogooue,,,GA-2,,ChIJAYoFZ56rcBoR-0qISkIyE24,2021-06-21,,,,,-19,
GA,Gabon,Haut-Ogooue,,,GA-2,,ChIJAYoFZ56rcBoR-0qISkIyE24,2021-06-22,,,,,-21,
GA,Gabon,Haut-Ogooue,,,GA-2,,ChIJAYoFZ56rcBoR-0qISkIyE24,2021-06-23,,,,,-17,
GA,Gabon,Haut-Ogooue,,,GA-2,,ChIJAYoFZ56rcBoR-0qISkIyE24,2021-06-24,,,,,-17,
GA,Gabon,Haut-Ogooue,,,GA-2,,ChIJAYoFZ56rcBoR-0qISkIyE24,2021-06-25,,,,,-17,
GA,Gabon,Haut-Ogooue,,,GA-2,,ChIJAYoFZ56rcBoR-0qISkIyE24,2021-06-28,,,,,-21,
GA,Gabon,Haut-Ogooue,,,GA-2,,ChIJAYoFZ56rcBoR-0qISkIyE24,2021-06-29,,,,,-29,
GA,Gabon,Haut-Ogooue,,,GA-2,,ChIJAYoFZ56rcBoR-0qISkIyE24,2021-06-30,,,,,-22,
GA,Gabon,Haut-Ogooue,,,GA-2,,ChIJAYoFZ56rcBoR-0qISkIyE24,2021-07-01,,,,,-22,
GA,Gabon,Haut-Ogooue,,,GA-2,,ChIJAYoFZ56rcBoR-0qISkIyE24,2021-07-02,,,,,-22,
GA,Gabon,Haut-Ogooue,,,GA-2,,ChIJAYoFZ56rcBoR-0qISkIyE24,2021-07-05,,,,,-26,
GA,Gabon,Haut-Ogooue,,,GA-2,,ChIJAYoFZ56rcBoR-0qISkIyE24,2021-07-06,,,,,-24,
GA,Gabon,Haut-Ogooue,,,GA-2,,ChIJAYoFZ56rcBoR-0qISkIyE24,2021-07-07,,,,,-32,
GA,Gabon,Haut-Ogooue,,,GA-2,,ChIJAYoFZ56rcBoR-0qISkIyE24,2021-07-08,,,,,-33,
GA,Gabon,Haut-Ogooue,,,GA-2,,ChIJAYoFZ56rcBoR-0qISkIyE24,2021-07-09,,,,,-29,
GA,Gabon,Haut-Ogooue,,,GA-2,,ChIJAYoFZ56rcBoR-0qISkIyE24,2021-07-12,,,,,-34,
GA,Gabon,Haut-Ogooue,,,GA-2,,ChIJAYoFZ56rcBoR-0qISkIyE24,2021-07-13,,,,,-34,
GA,Gabon,Haut-Ogooue,,,GA-2,,ChIJAYoFZ56rcBoR-0qISkIyE24,2021-07-14,,,,,-27,
GA,Gabon,Haut-Ogooue,,,GA-2,,ChIJAYoFZ56rcBoR-0qISkIyE24,2021-07-15,,,,,-25,
GA,Gabon,Haut-Ogooue,,,GA-2,,ChIJAYoFZ56rcBoR-0qISkIyE24,2021-07-16,,,,,-20,
GA,Gabon,Haut-Ogooue,,,GA-2,,ChIJAYoFZ56rcBoR-0qISkIyE24,2021-07-19,,,,,-28,
GA,Gabon,Haut-Ogooue,,,GA-2,,ChIJAYoFZ56rcBoR-0qISkIyE24,2021-07-20,,,,,-59,
GA,Gabon,Haut-Ogooue,,,GA-2,,ChIJAYoFZ56rcBoR-0qISkIyE24,2021-07-21,,,,,-26,
GA,Gabon,Haut-Ogooue,,,GA-2,,ChIJAYoFZ56rcBoR-0qISkIyE24,2021-07-22,,,,,-30,
GA,Gabon,Haut-Ogooue,,,GA-2,,ChIJAYoFZ56rcBoR-0qISkIyE24,2021-07-23,,,,,-28,
GA,Gabon,Haut-Ogooue,,,GA-2,,ChIJAYoFZ56rcBoR-0qISkIyE24,2021-07-26,,,,,-22,
GA,Gabon,Haut-Ogooue,,,GA-2,,ChIJAYoFZ56rcBoR-0qISkIyE24,2021-07-27,,,,,-33,
GA,Gabon,Haut-Ogooue,,,GA-2,,ChIJAYoFZ56rcBoR-0qISkIyE24,2021-07-28,,,,,-31,
GA,Gabon,Haut-Ogooue,,,GA-2,,ChIJAYoFZ56rcBoR-0qISkIyE24,2021-07-29,,,,,-28,
GA,Gabon,Haut-Ogooue,,,GA-2,,ChIJAYoFZ56rcBoR-0qISkIyE24,2021-07-30,,,,,-25,
GA,Gabon,Haut-Ogooue,,,GA-2,,ChIJAYoFZ56rcBoR-0qISkIyE24,2021-08-02,,,,,-27,
GA,Gabon,Haut-Ogooue,,,GA-2,,ChIJAYoFZ56rcBoR-0qISkIyE24,2021-08-03,,,,,-27,
GA,Gabon,Haut-Ogooue,,,GA-2,,ChIJAYoFZ56rcBoR-0qISkIyE24,2021-08-04,,,,,-30,
GA,Gabon,Haut-Ogooue,,,GA-2,,ChIJAYoFZ56rcBoR-0qISkIyE24,2021-08-05,,,,,-27,
GA,Gabon,Haut-Ogooue,,,GA-2,,ChIJAYoFZ56rcBoR-0qISkIyE24,2021-08-06,,,,,-26,
GA,Gabon,Haut-Ogooue,,,GA-2,,ChIJAYoFZ56rcBoR-0qISkIyE24,2021-08-09,,,,,-33,
GA,Gabon,Haut-Ogooue,,,GA-2,,ChIJAYoFZ56rcBoR-0qISkIyE24,2021-08-10,,,,,-33,
GA,Gabon,Haut-Ogooue,,,GA-2,,ChIJAYoFZ56rcBoR-0qISkIyE24,2021-08-11,,,,,-38,
GA,Gabon,Haut-Ogooue,,,GA-2,,ChIJAYoFZ56rcBoR-0qISkIyE24,2021-08-12,,,,,-27,
GA,Gabon,Haut-Ogooue,,,GA-2,,ChIJAYoFZ56rcBoR-0qISkIyE24,2021-08-13,,,,,-24,
GA,Gabon,Haut-Ogooue,,,GA-2,,ChIJAYoFZ56rcBoR-0qISkIyE24,2021-08-16,,,,,-50,
GA,Gabon,Haut-Ogooue,,,GA-2,,ChIJAYoFZ56rcBoR-0qISkIyE24,2021-08-17,,,,,-71,
GA,Gabon,Haut-Ogooue,,,GA-2,,ChIJAYoFZ56rcBoR-0qISkIyE24,2021-08-18,,,,,-33,
GA,Gabon,Haut-Ogooue,,,GA-2,,ChIJAYoFZ56rcBoR-0qISkIyE24,2021-08-19,,,,,-31,
GA,Gabon,Haut-Ogooue,,,GA-2,,ChIJAYoFZ56rcBoR-0qISkIyE24,2021-08-20,,,,,-29,
GA,Gabon,Haut-Ogooue,,,GA-2,,ChIJAYoFZ56rcBoR-0qISkIyE24,2021-08-23,,,,,-33,
GA,Gabon,Haut-Ogooue,,,GA-2,,ChIJAYoFZ56rcBoR-0qISkIyE24,2021-08-24,,,,,-36,
GA,Gabon,Haut-Ogooue,,,GA-2,,ChIJAYoFZ56rcBoR-0qISkIyE24,2021-08-25,,,,,-35,
GA,Gabon,Haut-Ogooue,,,GA-2,,ChIJAYoFZ56rcBoR-0qISkIyE24,2021-08-26,,,,,-35,
GA,Gabon,Haut-Ogooue,,,GA-2,,ChIJAYoFZ56rcBoR-0qISkIyE24,2021-08-27,,,,,-34,
GA,Gabon,Haut-Ogooue,,,GA-2,,ChIJAYoFZ56rcBoR-0qISkIyE24,2021-08-30,,,,,-38,
GA,Gabon,Haut-Ogooue,,,GA-2,,ChIJAYoFZ56rcBoR-0qISkIyE24,2021-08-31,,,,,-32,
GA,Gabon,Haut-Ogooue,,,GA-2,,ChIJAYoFZ56rcBoR-0qISkIyE24,2021-09-01,,,,,-29,
GA,Gabon,Haut-Ogooue,,,GA-2,,ChIJAYoFZ56rcBoR-0qISkIyE24,2021-09-02,,,,,-33,
GA,Gabon,Haut-Ogooue,,,GA-2,,ChIJAYoFZ56rcBoR-0qISkIyE24,2021-09-03,,,,,-23,
GA,Gabon,Haut-Ogooue,,,GA-2,,ChIJAYoFZ56rcBoR-0qISkIyE24,2021-09-06,,,,,-33,
GA,Gabon,Haut-Ogooue,,,GA-2,,ChIJAYoFZ56rcBoR-0qISkIyE24,2021-09-07,,,,,-26,
GA,Gabon,Haut-Ogooue,,,GA-2,,ChIJAYoFZ56rcBoR-0qISkIyE24,2021-09-08,,,,,-27,
GA,Gabon,Haut-Ogooue,,,GA-2,,ChIJAYoFZ56rcBoR-0qISkIyE24,2021-09-09,,,,,-26,
GA,Gabon,Haut-Ogooue,,,GA-2,,ChIJAYoFZ56rcBoR-0qISkIyE24,2021-09-10,,,,,-30,
GA,Gabon,Haut-Ogooue,,,GA-2,,ChIJAYoFZ56rcBoR-0qISkIyE24,2021-09-13,,,,,-33,
GA,Gabon,Haut-Ogooue,,,GA-2,,ChIJAYoFZ56rcBoR-0qISkIyE24,2021-09-14,,,,,-31,
GA,Gabon,Haut-Ogooue,,,GA-2,,ChIJAYoFZ56rcBoR-0qISkIyE24,2021-09-15,,,,,-30,
GA,Gabon,Haut-Ogooue,,,GA-2,,ChIJAYoFZ56rcBoR-0qISkIyE24,2021-09-16,,,,,-40,
GA,Gabon,Haut-Ogooue,,,GA-2,,ChIJAYoFZ56rcBoR-0qISkIyE24,2021-09-17,,,,,-26,
GA,Gabon,Haut-Ogooue,,,GA-2,,ChIJAYoFZ56rcBoR-0qISkIyE24,2021-09-20,,,,,-31,
GA,Gabon,Haut-Ogooue,,,GA-2,,ChIJAYoFZ56rcBoR-0qISkIyE24,2021-09-21,,,,,-33,
GA,Gabon,Haut-Ogooue,,,GA-2,,ChIJAYoFZ56rcBoR-0qISkIyE24,2021-09-22,,,,,-24,
GA,Gabon,Haut-Ogooue,,,GA-2,,ChIJAYoFZ56rcBoR-0qISkIyE24,2021-09-23,,,,,-25,
GA,Gabon,Haut-Ogooue,,,GA-2,,ChIJAYoFZ56rcBoR-0qISkIyE24,2021-09-24,,,,,-17,
GA,Gabon,Haut-Ogooue,,,GA-2,,ChIJAYoFZ56rcBoR-0qISkIyE24,2021-09-27,,,,,-31,
GA,Gabon,Haut-Ogooue,,,GA-2,,ChIJAYoFZ56rcBoR-0qISkIyE24,2021-09-28,,,,,-29,
GA,Gabon,Haut-Ogooue,,,GA-2,,ChIJAYoFZ56rcBoR-0qISkIyE24,2021-09-29,,,,,-22,
GA,Gabon,Haut-Ogooue,,,GA-2,,ChIJAYoFZ56rcBoR-0qISkIyE24,2021-09-30,,,,,-25,
GA,Gabon,Haut-Ogooue,,,GA-2,,ChIJAYoFZ56rcBoR-0qISkIyE24,2021-10-01,,,,,-19,
GA,Gabon,Haut-Ogooue,,,GA-2,,ChIJAYoFZ56rcBoR-0qISkIyE24,2021-10-04,,,,,-33,
GA,Gabon,Haut-Ogooue,,,GA-2,,ChIJAYoFZ56rcBoR-0qISkIyE24,2021-10-05,,,,,-30,
GA,Gabon,Haut-Ogooue,,,GA-2,,ChIJAYoFZ56rcBoR-0qISkIyE24,2021-10-06,,,,,-25,
GA,Gabon,Haut-Ogooue,,,GA-2,,ChIJAYoFZ56rcBoR-0qISkIyE24,2021-10-07,,,,,-32,
GA,Gabon,Haut-Ogooue,,,GA-2,,ChIJAYoFZ56rcBoR-0qISkIyE24,2021-10-08,,,,,-19,
GA,Gabon,Haut-Ogooue,,,GA-2,,ChIJAYoFZ56rcBoR-0qISkIyE24,2021-10-11,,,,,-28,
GA,Gabon,Haut-Ogooue,,,GA-2,,ChIJAYoFZ56rcBoR-0qISkIyE24,2021-10-12,,,,,-23,
GA,Gabon,Ogooue-Maritime,,,GA-8,,ChIJu0Ov_Q23gxoRD3s6n1TY5Sc,2021-01-01,-32,-40,,,-70,
GA,Gabon,Ogooue-Maritime,,,GA-8,,ChIJu0Ov_Q23gxoRD3s6n1TY5Sc,2021-01-02,-23,-19,,,-31,
GA,Gabon,Ogooue-Maritime,,,GA-8,,ChIJu0Ov_Q23gxoRD3s6n1TY5Sc,2021-01-03,-18,-9,,,-22,
GA,Gabon,Ogooue-Maritime,,,GA-8,,ChIJu0Ov_Q23gxoRD3s6n1TY5Sc,2021-01-04,-7,-10,,,-20,
GA,Gabon,Ogooue-Maritime,,,GA-8,,ChIJu0Ov_Q23gxoRD3s6n1TY5Sc,2021-01-05,-15,-18,,,-22,
GA,Gabon,Ogooue-Maritime,,,GA-8,,ChIJu0Ov_Q23gxoRD3s6n1TY5Sc,2021-01-06,-10,-17,,,-18,
GA,Gabon,Ogooue-Maritime,,,GA-8,,ChIJu0Ov_Q23gxoRD3s6n1TY5Sc,2021-01-07,-16,-21,,,-21,
GA,Gabon,Ogooue-Maritime,,,GA-8,,ChIJu0Ov_Q23gxoRD3s6n1TY5Sc,2021-01-08,-7,-6,,,-14,
GA,Gabon,Ogooue-Maritime,,,GA-8,,ChIJu0Ov_Q23gxoRD3s6n1TY5Sc,2021-01-09,-15,-15,,,-17,
GA,Gabon,Ogooue-Maritime,,,GA-8,,ChIJu0Ov_Q23gxoRD3s6n1TY5Sc,2021-01-10,-18,-18,,,-24,
GA,Gabon,Ogooue-Maritime,,,GA-8,,ChIJu0Ov_Q23gxoRD3s6n1TY5Sc,2021-01-11,,-16,,,-18,
GA,Gabon,Ogooue-Maritime,,,GA-8,,ChIJu0Ov_Q23gxoRD3s6n1TY5Sc,2021-01-12,-16,-25,,,-19,
GA,Gabon,Ogooue-Maritime,,,GA-8,,ChIJu0Ov_Q23gxoRD3s6n1TY5Sc,2021-01-13,-18,-30,,,-19,
GA,Gabon,Ogooue-Maritime,,,GA-8,,ChIJu0Ov_Q23gxoRD3s6n1TY5Sc,2021-01-14,-16,-32,,,-23,
GA,Gabon,Ogooue-Maritime,,,GA-8,,ChIJu0Ov_Q23gxoRD3s6n1TY5Sc,2021-01-15,-15,-25,,,-21,
GA,Gabon,Ogooue-Maritime,,,GA-8,,ChIJu0Ov_Q23gxoRD3s6n1TY5Sc,2021-01-16,-23,-24,,,-25,
GA,Gabon,Ogooue-Maritime,,,GA-8,,ChIJu0Ov_Q23gxoRD3s6n1TY5Sc,2021-01-17,-27,-29,,,-29,
GA,Gabon,Ogooue-Maritime,,,GA-8,,ChIJu0Ov_Q23gxoRD3s6n1TY5Sc,2021-01-18,-18,-32,,,-25,
GA,Gabon,Ogooue-Maritime,,,GA-8,,ChIJu0Ov_Q23gxoRD3s6n1TY5Sc,2021-01-19,-23,-34,,,-25,
GA,Gabon,Ogooue-Maritime,,,GA-8,,ChIJu0Ov_Q23gxoRD3s6n1TY5Sc,2021-01-20,-24,-30,,,-24,
GA,Gabon,Ogooue-Maritime,,,GA-8,,ChIJu0Ov_Q23gxoRD3s6n1TY5Sc,2021-01-21,-23,-34,,,-24,
GA,Gabon,Ogooue-Maritime,,,GA-8,,ChIJu0Ov_Q23gxoRD3s6n1TY5Sc,2021-01-22,-24,-33,,,-23,
GA,Gabon,Ogooue-Maritime,,,GA-8,,ChIJu0Ov_Q23gxoRD3s6n1TY5Sc,2021-01-23,-26,-25,,,-22,
GA,Gabon,Ogooue-Maritime,,,GA-8,,ChIJu0Ov_Q23gxoRD3s6n1TY5Sc,2021-01-24,-28,-32,,,-26,
GA,Gabon,Ogooue-Maritime,,,GA-8,,ChIJu0Ov_Q23gxoRD3s6n1TY5Sc,2021-01-25,-22,-31,,,-22,
GA,Gabon,Ogooue-Maritime,,,GA-8,,ChIJu0Ov_Q23gxoRD3s6n1TY5Sc,2021-01-26,-32,-37,,,-23,
GA,Gabon,Ogooue-Maritime,,,GA-8,,ChIJu0Ov_Q23gxoRD3s6n1TY5Sc,2021-01-27,-38,-41,,,-24,
GA,Gabon,Ogooue-Maritime,,,GA-8,,ChIJu0Ov_Q23gxoRD3s6n1TY5Sc,2021-01-28,-30,-32,,,-24,
GA,Gabon,Ogooue-Maritime,,,GA-8,,ChIJu0Ov_Q23gxoRD3s6n1TY5Sc,2021-01-29,-28,-25,,,-21,
GA,Gabon,Ogooue-Maritime,,,GA-8,,ChIJu0Ov_Q23gxoRD3s6n1TY5Sc,2021-01-30,-28,-17,,,-24,
GA,Gabon,Ogooue-Maritime,,,GA-8,,ChIJu0Ov_Q23gxoRD3s6n1TY5Sc,2021-01-31,-31,-15,,,-28,
GA,Gabon,Ogooue-Maritime,,,GA-8,,ChIJu0Ov_Q23gxoRD3s6n1TY5Sc,2021-02-01,-19,-19,,,-23,
GA,Gabon,Ogooue-Maritime,,,GA-8,,ChIJu0Ov_Q23gxoRD3s6n1TY5Sc,2021-02-02,-24,-27,,,-26,
GA,Gabon,Ogooue-Maritime,,,GA-8,,ChIJu0Ov_Q23gxoRD3s6n1TY5Sc,2021-02-03,-28,-25,,,-27,
GA,Gabon,Ogooue-Maritime,,,GA-8,,ChIJu0Ov_Q23gxoRD3s6n1TY5Sc,2021-02-04,-30,-28,,,-28,
GA,Gabon,Ogooue-Maritime,,,GA-8,,ChIJu0Ov_Q23gxoRD3s6n1TY5Sc,2021-02-05,-26,-23,,,-23,
GA,Gabon,Ogooue-Maritime,,,GA-8,,ChIJu0Ov_Q23gxoRD3s6n1TY5Sc,2021-02-06,-28,-18,,,-29,
GA,Gabon,Ogooue-Maritime,,,GA-8,,ChIJu0Ov_Q23gxoRD3s6n1TY5Sc,2021-02-07,-30,-17,,,-32,
GA,Gabon,Ogooue-Maritime,,,GA-8,,ChIJu0Ov_Q23gxoRD3s6n1TY5Sc,2021-02-08,-19,-26,,,-26,
GA,Gabon,Ogooue-Maritime,,,GA-8,,ChIJu0Ov_Q23gxoRD3s6n1TY5Sc,2021-02-09,-27,-22,,,-28,
GA,Gabon,Ogooue-Maritime,,,GA-8,,ChIJu0Ov_Q23gxoRD3s6n1TY5Sc,2021-02-10,-27,-29,,,-28,
GA,Gabon,Ogooue-Maritime,,,GA-8,,ChIJu0Ov_Q23gxoRD3s6n1TY5Sc,2021-02-11,-27,-32,,,-27,
GA,Gabon,Ogooue-Maritime,,,GA-8,,ChIJu0Ov_Q23gxoRD3s6n1TY5Sc,2021-02-12,-28,-24,,,-25,
GA,Gabon,Ogooue-Maritime,,,GA-8,,ChIJu0Ov_Q23gxoRD3s6n1TY5Sc,2021-02-13,-34,-29,,,-32,
GA,Gabon,Ogooue-Maritime,,,GA-8,,ChIJu0Ov_Q23gxoRD3s6n1TY5Sc,2021-02-14,-33,-19,,,-38,
GA,Gabon,Ogooue-Maritime,,,GA-8,,ChIJu0Ov_Q23gxoRD3s6n1TY5Sc,2021-02-15,-26,-32,,,-33,
GA,Gabon,Ogooue-Maritime,,,GA-8,,ChIJu0Ov_Q23gxoRD3s6n1TY5Sc,2021-02-16,-29,-30,,,-36,
GA,Gabon,Ogooue-Maritime,,,GA-8,,ChIJu0Ov_Q23gxoRD3s6n1TY5Sc,2021-02-17,-30,-32,,,-33,
GA,Gabon,Ogooue-Maritime,,,GA-8,,ChIJu0Ov_Q23gxoRD3s6n1TY5Sc,2021-02-18,-35,-37,,,-32,
GA,Gabon,Ogooue-Maritime,,,GA-8,,ChIJu0Ov_Q23gxoRD3s6n1TY5Sc,2021-02-19,-35,-28,,,-30,
GA,Gabon,Ogooue-Maritime,,,GA-8,,ChIJu0Ov_Q23gxoRD3s6n1TY5Sc,2021-02-20,-38,-34,,,-36,
GA,Gabon,Ogooue-Maritime,,,GA-8,,ChIJu0Ov_Q23gxoRD3s6n1TY5Sc,2021-02-21,-40,-32,,,-43,
GA,Gabon,Ogooue-Maritime,,,GA-8,,ChIJu0Ov_Q23gxoRD3s6n1TY5Sc,2021-02-22,-36,-39,,,-34,
GA,Gabon,Ogooue-Maritime,,,GA-8,,ChIJu0Ov_Q23gxoRD3s6n1TY5Sc,2021-02-23,-34,-35,,,-35,
GA,Gabon,Ogooue-Maritime,,,GA-8,,ChIJu0Ov_Q23gxoRD3s6n1TY5Sc,2021-02-24,-39,-41,,,-35,
GA,Gabon,Ogooue-Maritime,,,GA-8,,ChIJu0Ov_Q23gxoRD3s6n1TY5Sc,2021-02-25,-33,-38,,,-35,
GA,Gabon,Ogooue-Maritime,,,GA-8,,ChIJu0Ov_Q23gxoRD3s6n1TY5Sc,2021-02-26,-29,-33,,,-30,
GA,Gabon,Ogooue-Maritime,,,GA-8,,ChIJu0Ov_Q23gxoRD3s6n1TY5Sc,2021-02-27,-30,-24,,,-29,
GA,Gabon,Ogooue-Maritime,,,GA-8,,ChIJu0Ov_Q23gxoRD3s6n1TY5Sc,2021-02-28,-29,-12,,,-37,
GA,Gabon,Ogooue-Maritime,,,GA-8,,ChIJu0Ov_Q23gxoRD3s6n1TY5Sc,2021-03-01,-23,-34,,,-32,
GA,Gabon,Ogooue-Maritime,,,GA-8,,ChIJu0Ov_Q23gxoRD3s6n1TY5Sc,2021-03-02,-23,-29,,,-32,
GA,Gabon,Ogooue-Maritime,,,GA-8,,ChIJu0Ov_Q23gxoRD3s6n1TY5Sc,2021-03-03,-24,-29,,,-33,
GA,Gabon,Ogooue-Maritime,,,GA-8,,ChIJu0Ov_Q23gxoRD3s6n1TY5Sc,2021-03-04,-24,-30,,,-32,
GA,Gabon,Ogooue-Maritime,,,GA-8,,ChIJu0Ov_Q23gxoRD3s6n1TY5Sc,2021-03-05,-21,-23,,,-27,
GA,Gabon,Ogooue-Maritime,,,GA-8,,ChIJu0Ov_Q23gxoRD3s6n1TY5Sc,2021-03-06,-22,-11,,,-29,
GA,Gabon,Ogooue-Maritime,,,GA-8,,ChIJu0Ov_Q23gxoRD3s6n1TY5Sc,2021-03-07,-20,-12,,,-31,
GA,Gabon,Ogooue-Maritime,,,GA-8,,ChIJu0Ov_Q23gxoRD3s6n1TY5Sc,2021-03-08,-13,-25,,,-28,
GA,Gabon,Ogooue-Maritime,,,GA-8,,ChIJu0Ov_Q23gxoRD3s6n1TY5Sc,2021-03-09,-19,-27,,,-30,
GA,Gabon,Ogooue-Maritime,,,GA-8,,ChIJu0Ov_Q23gxoRD3s6n1TY5Sc,2021-03-10,-24,-29,,,-29,
GA,Gabon,Ogooue-Maritime,,,GA-8,,ChIJu0Ov_Q23gxoRD3s6n1TY5Sc,2021-03-11,-19,-28,,,-29,
GA,Gabon,Ogooue-Maritime,,,GA-8,,ChIJu0Ov_Q23gxoRD3s6n1TY5Sc,2021-03-12,-21,-24,,,-23,
GA,Gabon,Ogooue-Maritime,,,GA-8,,ChIJu0Ov_Q23gxoRD3s6n1TY5Sc,2021-03-13,-18,-15,,,-22,
GA,Gabon,Ogooue-Maritime,,,GA-8,,ChIJu0Ov_Q23gxoRD3s6n1TY5Sc,2021-03-14,-27,-23,,,-35,
GA,Gabon,Ogooue-Maritime,,,GA-8,,ChIJu0Ov_Q23gxoRD3s6n1TY5Sc,2021-03-15,-13,-30,,,-24,
GA,Gabon,Ogooue-Maritime,,,GA-8,,ChIJu0Ov_Q23gxoRD3s6n1TY5Sc,2021-03-16,-24,-28,,,-27,
GA,Gabon,Ogooue-Maritime,,,GA-8,,ChIJu0Ov_Q23gxoRD3s6n1TY5Sc,2021-03-17,-20,-27,,,-27,
GA,Gabon,Ogooue-Maritime,,,GA-8,,ChIJu0Ov_Q23gxoRD3s6n1TY5Sc,2021-03-18,-25,-30,,,-28,
GA,Gabon,Ogooue-Maritime,,,GA-8,,ChIJu0Ov_Q23gxoRD3s6n1TY5Sc,2021-03-19,-22,-26,,,-21,
GA,Gabon,Ogooue-Maritime,,,GA-8,,ChIJu0Ov_Q23gxoRD3s6n1TY5Sc,2021-03-20,-19,-17,,,-28,
GA,Gabon,Ogooue-Maritime,,,GA-8,,ChIJu0Ov_Q23gxoRD3s6n1TY5Sc,2021-03-21,-29,-18,,,-33,
GA,Gabon,Ogooue-Maritime,,,GA-8,,ChIJu0Ov_Q23gxoRD3s6n1TY5Sc,2021-03-22,-15,-26,,,-30,
GA,Gabon,Ogooue-Maritime,,,GA-8,,ChIJu0Ov_Q23gxoRD3s6n1TY5Sc,2021-03-23,-24,-29,,,-32,
GA,Gabon,Ogooue-Maritime,,,GA-8,,ChIJu0Ov_Q23gxoRD3s6n1TY5Sc,2021-03-24,-27,-32,,,-30,
GA,Gabon,Ogooue-Maritime,,,GA-8,,ChIJu0Ov_Q23gxoRD3s6n1TY5Sc,2021-03-25,-21,-26,,,-30,
GA,Gabon,Ogooue-Maritime,,,GA-8,,ChIJu0Ov_Q23gxoRD3s6n1TY5Sc,2021-03-26,-17,-18,,,-25,
GA,Gabon,Ogooue-Maritime,,,GA-8,,ChIJu0Ov_Q23gxoRD3s6n1TY5Sc,2021-03-27,-16,-11,,,-32,
GA,Gabon,Ogooue-Maritime,,,GA-8,,ChIJu0Ov_Q23gxoRD3s6n1TY5Sc,2021-03-28,-21,-10,,,-31,
GA,Gabon,Ogooue-Maritime,,,GA-8,,ChIJu0Ov_Q23gxoRD3s6n1TY5Sc,2021-03-29,-14,-24,,,-24,
GA,Gabon,Ogooue-Maritime,,,GA-8,,ChIJu0Ov_Q23gxoRD3s6n1TY5Sc,2021-03-30,-25,-29,,,-27,
GA,Gabon,Ogooue-Maritime,,,GA-8,,ChIJu0Ov_Q23gxoRD3s6n1TY5Sc,2021-03-31,-19,-23,,,-25,
GA,Gabon,Ogooue-Maritime,,,GA-8,,ChIJu0Ov_Q23gxoRD3s6n1TY5Sc,2021-04-01,-18,-20,,,-25,
GA,Gabon,Ogooue-Maritime,,,GA-8,,ChIJu0Ov_Q23gxoRD3s6n1TY5Sc,2021-04-02,-17,-10,,,-22,
GA,Gabon,Ogooue-Maritime,,,GA-8,,ChIJu0Ov_Q23gxoRD3s6n1TY5Sc,2021-04-03,-19,-1,,,-26,
GA,Gabon,Ogooue-Maritime,,,GA-8,,ChIJu0Ov_Q23gxoRD3s6n1TY5Sc,2021-04-04,-18,-3,,,-31,
GA,Gabon,Ogooue-Maritime,,,GA-8,,ChIJu0Ov_Q23gxoRD3s6n1TY5Sc,2021-04-05,-21,-25,,,-68,
GA,Gabon,Ogooue-Maritime,,,GA-8,,ChIJu0Ov_Q23gxoRD3s6n1TY5Sc,2021-04-06,-23,-24,,,-26,
GA,Gabon,Ogooue-Maritime,,,GA-8,,ChIJu0Ov_Q23gxoRD3s6n1TY5Sc,2021-04-07,-17,-17,,,-26,
GA,Gabon,Ogooue-Maritime,,,GA-8,,ChIJu0Ov_Q23gxoRD3s6n1TY5Sc,2021-04-08,-19,-18,,,-25,
GA,Gabon,Ogooue-Maritime,,,GA-8,,ChIJu0Ov_Q23gxoRD3s6n1TY5Sc,2021-04-09,-14,-13,,,-21,
GA,Gabon,Ogooue-Maritime,,,GA-8,,ChIJu0Ov_Q23gxoRD3s6n1TY5Sc,2021-04-10,-15,-7,,,-21,
GA,Gabon,Ogooue-Maritime,,,GA-8,,ChIJu0Ov_Q23gxoRD3s6n1TY5Sc,2021-04-11,-22,-13,,,-31,
GA,Gabon,Ogooue-Maritime,,,GA-8,,ChIJu0Ov_Q23gxoRD3s6n1TY5Sc,2021-04-12,-8,-17,,,-23,
GA,Gabon,Ogooue-Maritime,,,GA-8,,ChIJu0Ov_Q23gxoRD3s6n1TY5Sc,2021-04-13,-15,-15,,,-27,
GA,Gabon,Ogooue-Maritime,,,GA-8,,ChIJu0Ov_Q23gxoRD3s6n1TY5Sc,2021-04-14,-19,-19,,,-25,
GA,Gabon,Ogooue-Maritime,,,GA-8,,ChIJu0Ov_Q23gxoRD3s6n1TY5Sc,2021-04-15,-20,-26,,,-24,
GA,Gabon,Ogooue-Maritime,,,GA-8,,ChIJu0Ov_Q23gxoRD3s6n1TY5Sc,2021-04-16,-21,-21,,,-19,
GA,Gabon,Ogooue-Maritime,,,GA-8,,ChIJu0Ov_Q23gxoRD3s6n1TY5Sc,2021-04-17,-17,-13,,,-24,
GA,Gabon,Ogooue-Maritime,,,GA-8,,ChIJu0Ov_Q23gxoRD3s6n1TY5Sc,2021-04-18,-18,-8,,,-27,
GA,Gabon,Ogooue-Maritime,,,GA-8,,ChIJu0Ov_Q23gxoRD3s6n1TY5Sc,2021-04-19,-19,-30,,,-24,
GA,Gabon,Ogooue-Maritime,,,GA-8,,ChIJu0Ov_Q23gxoRD3s6n1TY5Sc,2021-04-20,-18,-23,,,-24,
GA,Gabon,Ogooue-Maritime,,,GA-8,,ChIJu0Ov_Q23gxoRD3s6n1TY5Sc,2021-04-21,-24,-22,,,-26,
GA,Gabon,Ogooue-Maritime,,,GA-8,,ChIJu0Ov_Q23gxoRD3s6n1TY5Sc,2021-04-22,-23,-30,,,-25,
GA,Gabon,Ogooue-Maritime,,,GA-8,,ChIJu0Ov_Q23gxoRD3s6n1TY5Sc,2021-04-23,-21,-20,,,-19,
GA,Gabon,Ogooue-Maritime,,,GA-8,,ChIJu0Ov_Q23gxoRD3s6n1TY5Sc,2021-04-24,-25,-16,,,-21,
GA,Gabon,Ogooue-Maritime,,,GA-8,,ChIJu0Ov_Q23gxoRD3s6n1TY5Sc,2021-04-25,-28,-10,,,-27,
GA,Gabon,Ogooue-Maritime,,,GA-8,,ChIJu0Ov_Q23gxoRD3s6n1TY5Sc,2021-04-26,-17,-24,,,-24,
GA,Gabon,Ogooue-Maritime,,,GA-8,,ChIJu0Ov_Q23gxoRD3s6n1TY5Sc,2021-04-27,-25,-24,,,-22,
GA,Gabon,Ogooue-Maritime,,,GA-8,,ChIJu0Ov_Q23gxoRD3s6n1TY5Sc,2021-04-28,-23,-27,,,-23,
GA,Gabon,Ogooue-Maritime,,,GA-8,,ChIJu0Ov_Q23gxoRD3s6n1TY5Sc,2021-04-29,-22,-26,,,-25,
GA,Gabon,Ogooue-Maritime,,,GA-8,,ChIJu0Ov_Q23gxoRD3s6n1TY5Sc,2021-04-30,-16,-14,,,-18,
GA,Gabon,Ogooue-Maritime,,,GA-8,,ChIJu0Ov_Q23gxoRD3s6n1TY5Sc,2021-05-01,-21,-17,,,-39,
GA,Gabon,Ogooue-Maritime,,,GA-8,,ChIJu0Ov_Q23gxoRD3s6n1TY5Sc,2021-05-02,-25,2,,,-29,
GA,Gabon,Ogooue-Maritime,,,GA-8,,ChIJu0Ov_Q23gxoRD3s6n1TY5Sc,2021-05-03,-10,-8,,,-22,
GA,Gabon,Ogooue-Maritime,,,GA-8,,ChIJu0Ov_Q23gxoRD3s6n1TY5Sc,2021-05-04,-16,-13,,,-24,
GA,Gabon,Ogooue-Maritime,,,GA-8,,ChIJu0Ov_Q23gxoRD3s6n1TY5Sc,2021-05-05,-25,-24,,,-25,
GA,Gabon,Ogooue-Maritime,,,GA-8,,ChIJu0Ov_Q23gxoRD3s6n1TY5Sc,2021-05-06,-11,-9,,,-23,
GA,Gabon,Ogooue-Maritime,,,GA-8,,ChIJu0Ov_Q23gxoRD3s6n1TY5Sc,2021-05-07,-1,-6,,,-18,
GA,Gabon,Ogooue-Maritime,,,GA-8,,ChIJu0Ov_Q23gxoRD3s6n1TY5Sc,2021-05-08,-9,-3,,,-19,
GA,Gabon,Ogooue-Maritime,,,GA-8,,ChIJu0Ov_Q23gxoRD3s6n1TY5Sc,2021-05-09,-11,3,,,-26,
GA,Gabon,Ogooue-Maritime,,,GA-8,,ChIJu0Ov_Q23gxoRD3s6n1TY5Sc,2021-05-10,-4,-14,,,-21,
GA,Gabon,Ogooue-Maritime,,,GA-8,,ChIJu0Ov_Q23gxoRD3s6n1TY5Sc,2021-05-11,-7,-9,,,-20,
GA,Gabon,Ogooue-Maritime,,,GA-8,,ChIJu0Ov_Q23gxoRD3s6n1TY5Sc,2021-05-12,-3,-12,,,-18,
GA,Gabon,Ogooue-Maritime,,,GA-8,,ChIJu0Ov_Q23gxoRD3s6n1TY5Sc,2021-05-13,-23,-23,,,-69,
GA,Gabon,Ogooue-Maritime,,,GA-8,,ChIJu0Ov_Q23gxoRD3s6n1TY5Sc,2021-05-14,-10,-8,,,-17,
GA,Gabon,Ogooue-Maritime,,,GA-8,,ChIJu0Ov_Q23gxoRD3s6n1TY5Sc,2021-05-15,-11,-4,,,-16,
GA,Gabon,Ogooue-Maritime,,,GA-8,,ChIJu0Ov_Q23gxoRD3s6n1TY5Sc,2021-05-16,-15,-4,,,-28,
GA,Gabon,Ogooue-Maritime,,,GA-8,,ChIJu0Ov_Q23gxoRD3s6n1TY5Sc,2021-05-17,,-15,,,-18,
GA,Gabon,Ogooue-Maritime,,,GA-8,,ChIJu0Ov_Q23gxoRD3s6n1TY5Sc,2021-05-18,-16,-20,,,-19,
GA,Gabon,Ogooue-Maritime,,,GA-8,,ChIJu0Ov_Q23gxoRD3s6n1TY5Sc,2021-05-19,-15,-23,,,-18,
GA,Gabon,Ogooue-Maritime,,,GA-8,,ChIJu0Ov_Q23gxoRD3s6n1TY5Sc,2021-05-20,-13,-17,,,-17,
GA,Gabon,Ogooue-Maritime,,,GA-8,,ChIJu0Ov_Q23gxoRD3s6n1TY5Sc,2021-05-21,-14,-12,,,-11,
GA,Gabon,Ogooue-Maritime,,,GA-8,,ChIJu0Ov_Q23gxoRD3s6n1TY5Sc,2021-05-22,-13,-8,,,-17,
GA,Gabon,Ogooue-Maritime,,,GA-8,,ChIJu0Ov_Q23gxoRD3s6n1TY5Sc,2021-05-23,-12,-10,,,-24,
GA,Gabon,Ogooue-Maritime,,,GA-8,,ChIJu0Ov_Q23gxoRD3s6n1TY5Sc,2021-05-24,-13,-25,,,-64,
GA,Gabon,Ogooue-Maritime,,,GA-8,,ChIJu0Ov_Q23gxoRD3s6n1TY5Sc,2021-05-25,-12,-22,,,-19,
GA,Gabon,Ogooue-Maritime,,,GA-8,,ChIJu0Ov_Q23gxoRD3s6n1TY5Sc,2021-05-26,-8,-13,,,-19,
GA,Gabon,Ogooue-Maritime,,,GA-8,,ChIJu0Ov_Q23gxoRD3s6n1TY5Sc,2021-05-27,-9,-16,,,-18,
GA,Gabon,Ogooue-Maritime,,,GA-8,,ChIJu0Ov_Q23gxoRD3s6n1TY5Sc,2021-05-28,-1,-4,,,-9,
GA,Gabon,Ogooue-Maritime,,,GA-8,,ChIJu0Ov_Q23gxoRD3s6n1TY5Sc,2021-05-29,1,4,,,-14,
GA,Gabon,Ogooue-Maritime,,,GA-8,,ChIJu0Ov_Q23gxoRD3s6n1TY5Sc,2021-05-30,3,,,,-19,
GA,Gabon,Ogooue-Maritime,,,GA-8,,ChIJu0Ov_Q23gxoRD3s6n1TY5Sc,2021-05-31,,0,,,-7,
GA,Gabon,Ogooue-Maritime,,,GA-8,,ChIJu0Ov_Q23gxoRD3s6n1TY5Sc,2021-06-01,5,2,,,-9,
GA,Gabon,Ogooue-Maritime,,,GA-8,,ChIJu0Ov_Q23gxoRD3s6n1TY5Sc,2021-06-02,7,0,,,-8,
GA,Gabon,Ogooue-Maritime,,,GA-8,,ChIJu0Ov_Q23gxoRD3s6n1TY5Sc,2021-06-03,5,0,,,-7,
GA,Gabon,Ogooue-Maritime,,,GA-8,,ChIJu0Ov_Q23gxoRD3s6n1TY5Sc,2021-06-04,12,9,,,1,
GA,Gabon,Ogooue-Maritime,,,GA-8,,ChIJu0Ov_Q23gxoRD3s6n1TY5Sc,2021-06-05,6,8,,,-10,
GA,Gabon,Ogooue-Maritime,,,GA-8,,ChIJu0Ov_Q23gxoRD3s6n1TY5Sc,2021-06-06,,,,,-19,
GA,Gabon,Ogooue-Maritime,,,GA-8,,ChIJu0Ov_Q23gxoRD3s6n1TY5Sc,2021-06-07,,7,,,-7,
GA,Gabon,Ogooue-Maritime,,,GA-8,,ChIJu0Ov_Q23gxoRD3s6n1TY5Sc,2021-06-08,8,8,,,-7,
GA,Gabon,Ogooue-Maritime,,,GA-8,,ChIJu0Ov_Q23gxoRD3s6n1TY5Sc,2021-06-09,5,5,,,-7,
GA,Gabon,Ogooue-Maritime,,,GA-8,,ChIJu0Ov_Q23gxoRD3s6n1TY5Sc,2021-06-10,2,-1,,,-4,
GA,Gabon,Ogooue-Maritime,,,GA-8,,ChIJu0Ov_Q23gxoRD3s6n1TY5Sc,2021-06-11,7,2,,,-2,
GA,Gabon,Ogooue-Maritime,,,GA-8,,ChIJu0Ov_Q23gxoRD3s6n1TY5Sc,2021-06-12,8,7,,,-7,
GA,Gabon,Ogooue-Maritime,,,GA-8,,ChIJu0Ov_Q23gxoRD3s6n1TY5Sc,2021-06-13,-4,,,,-17,
GA,Gabon,Ogooue-Maritime,,,GA-8,,ChIJu0Ov_Q23gxoRD3s6n1TY5Sc,2021-06-14,,-4,,,-7,
GA,Gabon,Ogooue-Maritime,,,GA-8,,ChIJu0Ov_Q23gxoRD3s6n1TY5Sc,2021-06-15,1,-3,,,-8,
GA,Gabon,Ogooue-Maritime,,,GA-8,,ChIJu0Ov_Q23gxoRD3s6n1TY5Sc,2021-06-16,3,-11,,,-8,
GA,Gabon,Ogooue-Maritime,,,GA-8,,ChIJu0Ov_Q23gxoRD3s6n1TY5Sc,2021-06-17,0,-26,,,-7,
GA,Gabon,Ogooue-Maritime,,,GA-8,,ChIJu0Ov_Q23gxoRD3s6n1TY5Sc,2021-06-18,3,-22,,,-2,
GA,Gabon,Ogooue-Maritime,,,GA-8,,ChIJu0Ov_Q23gxoRD3s6n1TY5Sc,2021-06-19,0,-20,,,-15,
GA,Gabon,Ogooue-Maritime,,,GA-8,,ChIJu0Ov_Q23gxoRD3s6n1TY5Sc,2021-06-20,-4,-23,,,-21,
GA,Gabon,Ogooue-Maritime,,,GA-8,,ChIJu0Ov_Q23gxoRD3s6n1TY5Sc,2021-06-21,,-28,,,-10,
GA,Gabon,Ogooue-Maritime,,,GA-8,,ChIJu0Ov_Q23gxoRD3s6n1TY5Sc,2021-06-22,-4,-32,,,-12,
GA,Gabon,Ogooue-Maritime,,,GA-8,,ChIJu0Ov_Q23gxoRD3s6n1TY5Sc,2021-06-23,-4,-29,,,-14,
GA,Gabon,Ogooue-Maritime,,,GA-8,,ChIJu0Ov_Q23gxoRD3s6n1TY5Sc,2021-06-24,-3,-28,,,-13,
GA,Gabon,Ogooue-Maritime,,,GA-8,,ChIJu0Ov_Q23gxoRD3s6n1TY5Sc,2021-06-25,3,-21,,,-6,
GA,Gabon,Ogooue-Maritime,,,GA-8,,ChIJu0Ov_Q23gxoRD3s6n1TY5Sc,2021-06-26,0,-19,,,-12,
GA,Gabon,Ogooue-Maritime,,,GA-8,,ChIJu0Ov_Q23gxoRD3s6n1TY5Sc,2021-06-27,-5,-20,,,-20,
GA,Gabon,Ogooue-Maritime,,,GA-8,,ChIJu0Ov_Q23gxoRD3s6n1TY5Sc,2021-06-28,,-21,,,-12,
GA,Gabon,Ogooue-Maritime,,,GA-8,,ChIJu0Ov_Q23gxoRD3s6n1TY5Sc,2021-06-29,-4,-30,,,-16,
GA,Gabon,Ogooue-Maritime,,,GA-8,,ChIJu0Ov_Q23gxoRD3s6n1TY5Sc,2021-06-30,6,-25,,,-15,
GA,Gabon,Ogooue-Maritime,,,GA-8,,ChIJu0Ov_Q23gxoRD3s6n1TY5Sc,2021-07-01,3,-23,,,-15,
GA,Gabon,Ogooue-Maritime,,,GA-8,,ChIJu0Ov_Q23gxoRD3s6n1TY5Sc,2021-07-02,11,-17,,,-7,
GA,Gabon,Ogooue-Maritime,,,GA-8,,ChIJu0Ov_Q23gxoRD3s6n1TY5Sc,2021-07-03,11,-11,,,-13,
GA,Gabon,Ogooue-Maritime,,,GA-8,,ChIJu0Ov_Q23gxoRD3s6n1TY5Sc,2021-07-04,,-18,,,-17,
GA,Gabon,Ogooue-Maritime,,,GA-8,,ChIJu0Ov_Q23gxoRD3s6n1TY5Sc,2021-07-05,,-17,,,-14,
GA,Gabon,Ogooue-Maritime,,,GA-8,,ChIJu0Ov_Q23gxoRD3s6n1TY5Sc,2021-07-06,10,-18,,,-16,
GA,Gabon,Ogooue-Maritime,,,GA-8,,ChIJu0Ov_Q23gxoRD3s6n1TY5Sc,2021-07-07,8,-21,,,-16,
GA,Gabon,Ogooue-Maritime,,,GA-8,,ChIJu0Ov_Q23gxoRD3s6n1TY5Sc,2021-07-08,7,-23,,,-13,
GA,Gabon,Ogooue-Maritime,,,GA-8,,ChIJu0Ov_Q23gxoRD3s6n1TY5Sc,2021-07-09,11,-7,,,-8,
GA,Gabon,Ogooue-Maritime,,,GA-8,,ChIJu0Ov_Q23gxoRD3s6n1TY5Sc,2021-07-10,-1,-14,,,-14,
GA,Gabon,Ogooue-Maritime,,,GA-8,,ChIJu0Ov_Q23gxoRD3s6n1TY5Sc,2021-07-11,1,-8,,,-16,
GA,Gabon,Ogooue-Maritime,,,GA-8,,ChIJu0Ov_Q23gxoRD3s6n1TY5Sc,2021-07-12,,-13,,,-14,
GA,Gabon,Ogooue-Maritime,,,GA-8,,ChIJu0Ov_Q23gxoRD3s6n1TY5Sc,2021-07-13,6,-21,,,-17,
GA,Gabon,Ogooue-Maritime,,,GA-8,,ChIJu0Ov_Q23gxoRD3s6n1TY5Sc,2021-07-14,3,-22,,,-17,
GA,Gabon,Ogooue-Maritime,,,GA-8,,ChIJu0Ov_Q23gxoRD3s6n1TY5Sc,2021-07-15,3,-21,,,-18,
GA,Gabon,Ogooue-Maritime,,,GA-8,,ChIJu0Ov_Q23gxoRD3s6n1TY5Sc,2021-07-16,7,-21,,,-12,
GA,Gabon,Ogooue-Maritime,,,GA-8,,ChIJu0Ov_Q23gxoRD3s6n1TY5Sc,2021-07-17,-3,-20,,,-17,
GA,Gabon,Ogooue-Maritime,,,GA-8,,ChIJu0Ov_Q23gxoRD3s6n1TY5Sc,2021-07-18,2,-16,,,-18,
GA,Gabon,Ogooue-Maritime,,,GA-8,,ChIJu0Ov_Q23gxoRD3s6n1TY5Sc,2021-07-19,,-14,,,-16,
GA,Gabon,Ogooue-Maritime,,,GA-8,,ChIJu0Ov_Q23gxoRD3s6n1TY5Sc,2021-07-20,-11,-37,,,-66,
GA,Gabon,Ogooue-Maritime,,,GA-8,,ChIJu0Ov_Q23gxoRD3s6n1TY5Sc,2021-07-21,2,-22,,,-19,
GA,Gabon,Ogooue-Maritime,,,GA-8,,ChIJu0Ov_Q23gxoRD3s6n1TY5Sc,2021-07-22,1,-24,,,-20,
GA,Gabon,Ogooue-Maritime,,,GA-8,,ChIJu0Ov_Q23gxoRD3s6n1TY5Sc,2021-07-23,7,-14,,,-13,
GA,Gabon,Ogooue-Maritime,,,GA-8,,ChIJu0Ov_Q23gxoRD3s6n1TY5Sc,2021-07-24,2,-17,,,-13,
GA,Gabon,Ogooue-Maritime,,,GA-8,,ChIJu0Ov_Q23gxoRD3s6n1TY5Sc,2021-07-25,1,-10,,,-22,
GA,Gabon,Ogooue-Maritime,,,GA-8,,ChIJu0Ov_Q23gxoRD3s6n1TY5Sc,2021-07-26,,-19,,,-16,
GA,Gabon,Ogooue-Maritime,,,GA-8,,ChIJu0Ov_Q23gxoRD3s6n1TY5Sc,2021-07-27,7,-18,,,-17,
GA,Gabon,Ogooue-Maritime,,,GA-8,,ChIJu0Ov_Q23gxoRD3s6n1TY5Sc,2021-07-28,7,-20,,,-16,
GA,Gabon,Ogooue-Maritime,,,GA-8,,ChIJu0Ov_Q23gxoRD3s6n1TY5Sc,2021-07-29,6,-12,,,-20,
GA,Gabon,Ogooue-Maritime,,,GA-8,,ChIJu0Ov_Q23gxoRD3s6n1TY5Sc,2021-07-30,14,-1,,,-11,
GA,Gabon,Ogooue-Maritime,,,GA-8,,ChIJu0Ov_Q23gxoRD3s6n1TY5Sc,2021-07-31,14,-7,,,-16,
GA,Gabon,Ogooue-Maritime,,,GA-8,,ChIJu0Ov_Q23gxoRD3s6n1TY5Sc,2021-08-01,,1,,,-20,
GA,Gabon,Ogooue-Maritime,,,GA-8,,ChIJu0Ov_Q23gxoRD3s6n1TY5Sc,2021-08-02,,-5,,,-20,
GA,Gabon,Ogooue-Maritime,,,GA-8,,ChIJu0Ov_Q23gxoRD3s6n1TY5Sc,2021-08-03,15,-8,,,-21,
GA,Gabon,Ogooue-Maritime,,,GA-8,,ChIJu0Ov_Q23gxoRD3s6n1TY5Sc,2021-08-04,11,-9,,,-19,
GA,Gabon,Ogooue-Maritime,,,GA-8,,ChIJu0Ov_Q23gxoRD3s6n1TY5Sc,2021-08-05,10,-11,,,-18,
GA,Gabon,Ogooue-Maritime,,,GA-8,,ChIJu0Ov_Q23gxoRD3s6n1TY5Sc,2021-08-06,15,-7,,,-15,
GA,Gabon,Ogooue-Maritime,,,GA-8,,ChIJu0Ov_Q23gxoRD3s6n1TY5Sc,2021-08-07,9,-10,,,-13,
GA,Gabon,Ogooue-Maritime,,,GA-8,,ChIJu0Ov_Q23gxoRD3s6n1TY5Sc,2021-08-08,,-3,,,-24,
GA,Gabon,Ogooue-Maritime,,,GA-8,,ChIJu0Ov_Q23gxoRD3s6n1TY5Sc,2021-08-09,,-12,,,-20,
GA,Gabon,Ogooue-Maritime,,,GA-8,,ChIJu0Ov_Q23gxoRD3s6n1TY5Sc,2021-08-10,10,-10,,,-22,
GA,Gabon,Ogooue-Maritime,,,GA-8,,ChIJu0Ov_Q23gxoRD3s6n1TY5Sc,2021-08-11,14,-9,,,-20,
GA,Gabon,Ogooue-Maritime,,,GA-8,,ChIJu0Ov_Q23gxoRD3s6n1TY5Sc,2021-08-12,8,-10,,,-20,
GA,Gabon,Ogooue-Maritime,,,GA-8,,ChIJu0Ov_Q23gxoRD3s6n1TY5Sc,2021-08-13,14,-7,,,-15,
GA,Gabon,Ogooue-Maritime,,,GA-8,,ChIJu0Ov_Q23gxoRD3s6n1TY5Sc,2021-08-14,5,-11,,,-20,
GA,Gabon,Ogooue-Maritime,,,GA-8,,ChIJu0Ov_Q23gxoRD3s6n1TY5Sc,2021-08-15,,-9,,,-24,
GA,Gabon,Ogooue-Maritime,,,GA-8,,ChIJu0Ov_Q23gxoRD3s6n1TY5Sc,2021-08-16,,-21,,,-59,
GA,Gabon,Ogooue-Maritime,,,GA-8,,ChIJu0Ov_Q23gxoRD3s6n1TY5Sc,2021-08-17,-14,-43,,,-72,
GA,Gabon,Ogooue-Maritime,,,GA-8,,ChIJu0Ov_Q23gxoRD3s6n1TY5Sc,2021-08-18,-9,-23,,,-20,
GA,Gabon,Ogooue-Maritime,,,GA-8,,ChIJu0Ov_Q23gxoRD3s6n1TY5Sc,2021-08-19,-4,-19,,,-20,
GA,Gabon,Ogooue-Maritime,,,GA-8,,ChIJu0Ov_Q23gxoRD3s6n1TY5Sc,2021-08-20,-1,-13,,,-16,
GA,Gabon,Ogooue-Maritime,,,GA-8,,ChIJu0Ov_Q23gxoRD3s6n1TY5Sc,2021-08-21,-8,-17,,,-16,
GA,Gabon,Ogooue-Maritime,,,GA-8,,ChIJu0Ov_Q23gxoRD3s6n1TY5Sc,2021-08-22,-10,-11,,,-23,
GA,Gabon,Ogooue-Maritime,,,GA-8,,ChIJu0Ov_Q23gxoRD3s6n1TY5Sc,2021-08-23,,-16,,,-20,
GA,Gabon,Ogooue-Maritime,,,GA-8,,ChIJu0Ov_Q23gxoRD3s6n1TY5Sc,2021-08-24,0,-19,,,-22,
GA,Gabon,Ogooue-Maritime,,,GA-8,,ChIJu0Ov_Q23gxoRD3s6n1TY5Sc,2021-08-25,2,-20,,,-21,
GA,Gabon,Ogooue-Maritime,,,GA-8,,ChIJu0Ov_Q23gxoRD3s6n1TY5Sc,2021-08-26,-3,-20,,,-23,
GA,Gabon,Ogooue-Maritime,,,GA-8,,ChIJu0Ov_Q23gxoRD3s6n1TY5Sc,2021-08-27,1,-16,,,-14,
GA,Gabon,Ogooue-Maritime,,,GA-8,,ChIJu0Ov_Q23gxoRD3s6n1TY5Sc,2021-08-28,-5,-17,,,-17,
GA,Gabon,Ogooue-Maritime,,,GA-8,,ChIJu0Ov_Q23gxoRD3s6n1TY5Sc,2021-08-29,-3,-13,,,-23,
GA,Gabon,Ogooue-Maritime,,,GA-8,,ChIJu0Ov_Q23gxoRD3s6n1TY5Sc,2021-08-30,,-20,,,-16,
GA,Gabon,Ogooue-Maritime,,,GA-8,,ChIJu0Ov_Q23gxoRD3s6n1TY5Sc,2021-08-31,2,-13,,,-23,
GA,Gabon,Ogooue-Maritime,,,GA-8,,ChIJu0Ov_Q23gxoRD3s6n1TY5Sc,2021-09-01,5,-13,,,-19,
GA,Gabon,Ogooue-Maritime,,,GA-8,,ChIJu0Ov_Q23gxoRD3s6n1TY5Sc,2021-09-02,1,-16,,,-20,
GA,Gabon,Ogooue-Maritime,,,GA-8,,ChIJu0Ov_Q23gxoRD3s6n1TY5Sc,2021-09-03,9,-10,,,-13,
GA,Gabon,Ogooue-Maritime,,,GA-8,,ChIJu0Ov_Q23gxoRD3s6n1TY5Sc,2021-09-04,0,-11,,,-19,
GA,Gabon,Ogooue-Maritime,,,GA-8,,ChIJu0Ov_Q23gxoRD3s6n1TY5Sc,2021-09-05,,-5,,,-24,
GA,Gabon,Ogooue-Maritime,,,GA-8,,ChIJu0Ov_Q23gxoRD3s6n1TY5Sc,2021-09-06,,-12,,,-16,
GA,Gabon,Ogooue-Maritime,,,GA-8,,ChIJu0Ov_Q23gxoRD3s6n1TY5Sc,2021-09-07,9,-12,,,-18,
GA,Gabon,Ogooue-Maritime,,,GA-8,,ChIJu0Ov_Q23gxoRD3s6n1TY5Sc,2021-09-08,11,-15,,,-17,
GA,Gabon,Ogooue-Maritime,,,GA-8,,ChIJu0Ov_Q23gxoRD3s6n1TY5Sc,2021-09-09,8,-12,,,-16,
GA,Gabon,Ogooue-Maritime,,,GA-8,,ChIJu0Ov_Q23gxoRD3s6n1TY5Sc,2021-09-10,10,-12,,,-9,
GA,Gabon,Ogooue-Maritime,,,GA-8,,ChIJu0Ov_Q23gxoRD3s6n1TY5Sc,2021-09-11,3,-11,,,-14,
GA,Gabon,Ogooue-Maritime,,,GA-8,,ChIJu0Ov_Q23gxoRD3s6n1TY5Sc,2021-09-12,1,-1,,,-16,
GA,Gabon,Ogooue-Maritime,,,GA-8,,ChIJu0Ov_Q23gxoRD3s6n1TY5Sc,2021-09-13,,-17,,,-16,
GA,Gabon,Ogooue-Maritime,,,GA-8,,ChIJu0Ov_Q23gxoRD3s6n1TY5Sc,2021-09-14,7,-17,,,-16,
GA,Gabon,Ogooue-Maritime,,,GA-8,,ChIJu0Ov_Q23gxoRD3s6n1TY5Sc,2021-09-15,8,-13,,,-17,
GA,Gabon,Ogooue-Maritime,,,GA-8,,ChIJu0Ov_Q23gxoRD3s6n1TY5Sc,2021-09-16,7,-13,,,-17,
GA,Gabon,Ogooue-Maritime,,,GA-8,,ChIJu0Ov_Q23gxoRD3s6n1TY5Sc,2021-09-17,11,-8,,,-10,
GA,Gabon,Ogooue-Maritime,,,GA-8,,ChIJu0Ov_Q23gxoRD3s6n1TY5Sc,2021-09-18,0,-12,,,-13,
GA,Gabon,Ogooue-Maritime,,,GA-8,,ChIJu0Ov_Q23gxoRD3s6n1TY5Sc,2021-09-19,-3,-10,,,-17,
GA,Gabon,Ogooue-Maritime,,,GA-8,,ChIJu0Ov_Q23gxoRD3s6n1TY5Sc,2021-09-20,,-14,,,-14,
GA,Gabon,Ogooue-Maritime,,,GA-8,,ChIJu0Ov_Q23gxoRD3s6n1TY5Sc,2021-09-21,7,-22,,,-16,
GA,Gabon,Ogooue-Maritime,,,GA-8,,ChIJu0Ov_Q23gxoRD3s6n1TY5Sc,2021-09-22,5,-26,,,-13,
GA,Gabon,Ogooue-Maritime,,,GA-8,,ChIJu0Ov_Q23gxoRD3s6n1TY5Sc,2021-09-23,-1,-28,,,-17,
GA,Gabon,Ogooue-Maritime,,,GA-8,,ChIJu0Ov_Q23gxoRD3s6n1TY5Sc,2021-09-24,-3,-26,,,-9,
GA,Gabon,Ogooue-Maritime,,,GA-8,,ChIJu0Ov_Q23gxoRD3s6n1TY5Sc,2021-09-25,-1,-10,,,-15,
GA,Gabon,Ogooue-Maritime,,,GA-8,,ChIJu0Ov_Q23gxoRD3s6n1TY5Sc,2021-09-26,-8,-13,,,-17,
GA,Gabon,Ogooue-Maritime,,,GA-8,,ChIJu0Ov_Q23gxoRD3s6n1TY5Sc,2021-09-27,,-18,,,-13,
GA,Gabon,Ogooue-Maritime,,,GA-8,,ChIJu0Ov_Q23gxoRD3s6n1TY5Sc,2021-09-28,5,-17,,,-15,
GA,Gabon,Ogooue-Maritime,,,GA-8,,ChIJu0Ov_Q23gxoRD3s6n1TY5Sc,2021-09-29,8,-18,,,-14,
GA,Gabon,Ogooue-Maritime,,,GA-8,,ChIJu0Ov_Q23gxoRD3s6n1TY5Sc,2021-09-30,3,-16,,,-12,
GA,Gabon,Ogooue-Maritime,,,GA-8,,ChIJu0Ov_Q23gxoRD3s6n1TY5Sc,2021-10-01,13,-4,,,-10,
GA,Gabon,Ogooue-Maritime,,,GA-8,,ChIJu0Ov_Q23gxoRD3s6n1TY5Sc,2021-10-02,3,-3,,,-14,
GA,Gabon,Ogooue-Maritime,,,GA-8,,ChIJu0Ov_Q23gxoRD3s6n1TY5Sc,2021-10-03,-6,0,,,-18,
GA,Gabon,Ogooue-Maritime,,,GA-8,,ChIJu0Ov_Q23gxoRD3s6n1TY5Sc,2021-10-04,,-8,,,-14,
GA,Gabon,Ogooue-Maritime,,,GA-8,,ChIJu0Ov_Q23gxoRD3s6n1TY5Sc,2021-10-05,7,-15,,,-16,
GA,Gabon,Ogooue-Maritime,,,GA-8,,ChIJu0Ov_Q23gxoRD3s6n1TY5Sc,2021-10-06,16,-14,,,-14,
GA,Gabon,Ogooue-Maritime,,,GA-8,,ChIJu0Ov_Q23gxoRD3s6n1TY5Sc,2021-10-07,14,-14,,,-11,
GA,Gabon,Ogooue-Maritime,,,GA-8,,ChIJu0Ov_Q23gxoRD3s6n1TY5Sc,2021-10-08,11,-10,,,-6,
GA,Gabon,Ogooue-Maritime,,,GA-8,,ChIJu0Ov_Q23gxoRD3s6n1TY5Sc,2021-10-09,7,-6,,,-12,
GA,Gabon,Ogooue-Maritime,,,GA-8,,ChIJu0Ov_Q23gxoRD3s6n1TY5Sc,2021-10-10,1,4,,,-19,
GA,Gabon,Ogooue-Maritime,,,GA-8,,ChIJu0Ov_Q23gxoRD3s6n1TY5Sc,2021-10-11,,-14,,,-14,
GA,Gabon,Ogooue-Maritime,,,GA-8,,ChIJu0Ov_Q23gxoRD3s6n1TY5Sc,2021-10-12,7,-13,,,-11,
