country_region_code,country_region,sub_region_1,sub_region_2,metro_area,iso_3166_2_code,census_fips_code,place_id,date,retail_and_recreation_percent_change_from_baseline,grocery_and_pharmacy_percent_change_from_baseline,parks_percent_change_from_baseline,transit_stations_percent_change_from_baseline,workplaces_percent_change_from_baseline,residential_percent_change_from_baseline
CV,Cape Verde,,,,,,ChIJMVERWSGPNQkRH-oY-TbyGms,2021-01-01,-49,-47,-14,-65,-78,20
CV,Cape Verde,,,,,,ChIJMVERWSGPNQkRH-oY-TbyGms,2021-01-02,-36,-19,-12,-52,-51,14
CV,Cape Verde,,,,,,ChIJMVERWSGPNQkRH-oY-TbyGms,2021-01-03,-37,-20,-8,-43,-42,11
CV,Cape Verde,,,,,,ChIJMVERWSGPNQkRH-oY-TbyGms,2021-01-04,-23,2,-2,-23,-34,11
CV,Cape Verde,,,,,,ChIJMVERWSGPNQkRH-oY-TbyGms,2021-01-05,-29,-6,-6,-38,-35,11
CV,Cape Verde,,,,,,ChIJMVERWSGPNQkRH-oY-TbyGms,2021-01-06,-26,-7,-2,-37,-29,10
CV,Cape Verde,,,,,,ChIJMVERWSGPNQkRH-oY-TbyGms,2021-01-07,-27,-5,-5,-39,-27,10
CV,Cape Verde,,,,,,ChIJMVERWSGPNQkRH-oY-TbyGms,2021-01-08,-28,-7,-13,-39,-29,9
CV,Cape Verde,,,,,,ChIJMVERWSGPNQkRH-oY-TbyGms,2021-01-09,-29,-12,-18,-53,-34,10
CV,Cape Verde,,,,,,ChIJMVERWSGPNQkRH-oY-TbyGms,2021-01-10,-43,-26,-25,-50,-42,12
CV,Cape Verde,,,,,,ChIJMVERWSGPNQkRH-oY-TbyGms,2021-01-11,-27,-4,-12,-33,-25,9
CV,Cape Verde,,,,,,ChIJMVERWSGPNQkRH-oY-TbyGms,2021-01-12,-29,-9,-16,-44,-28,8
CV,Cape Verde,,,,,,ChIJMVERWSGPNQkRH-oY-TbyGms,2021-01-13,-47,-42,-24,-63,-72,21
CV,Cape Verde,,,,,,ChIJMVERWSGPNQkRH-oY-TbyGms,2021-01-14,-34,-18,-19,-44,-36,6
CV,Cape Verde,,,,,,ChIJMVERWSGPNQkRH-oY-TbyGms,2021-01-15,-39,-27,-28,-51,-40,8
CV,Cape Verde,,,,,,ChIJMVERWSGPNQkRH-oY-TbyGms,2021-01-16,-41,-30,-33,-62,-49,10
CV,Cape Verde,,,,,,ChIJMVERWSGPNQkRH-oY-TbyGms,2021-01-17,-50,-37,-36,-66,-52,12
CV,Cape Verde,,,,,,ChIJMVERWSGPNQkRH-oY-TbyGms,2021-01-18,-38,-22,-27,-43,-37,8
CV,Cape Verde,,,,,,ChIJMVERWSGPNQkRH-oY-TbyGms,2021-01-19,-35,-23,-27,-56,-39,7
CV,Cape Verde,,,,,,ChIJMVERWSGPNQkRH-oY-TbyGms,2021-01-20,-53,-47,-30,-68,-76,24
CV,Cape Verde,,,,,,ChIJMVERWSGPNQkRH-oY-TbyGms,2021-01-21,-38,-20,-25,-51,-39,8
CV,Cape Verde,,,,,,ChIJMVERWSGPNQkRH-oY-TbyGms,2021-01-22,-41,-30,-30,-51,-48,12
CV,Cape Verde,,,,,,ChIJMVERWSGPNQkRH-oY-TbyGms,2021-01-23,-37,-21,-29,-56,-45,9
CV,Cape Verde,,,,,,ChIJMVERWSGPNQkRH-oY-TbyGms,2021-01-24,-45,-32,-29,-62,-49,11
CV,Cape Verde,,,,,,ChIJMVERWSGPNQkRH-oY-TbyGms,2021-01-25,-33,-16,-21,-42,-35,7
CV,Cape Verde,,,,,,ChIJMVERWSGPNQkRH-oY-TbyGms,2021-01-26,-37,-21,-24,-53,-38,7
CV,Cape Verde,,,,,,ChIJMVERWSGPNQkRH-oY-TbyGms,2021-01-27,-35,-22,-17,-47,-35,7
CV,Cape Verde,,,,,,ChIJMVERWSGPNQkRH-oY-TbyGms,2021-01-28,-34,-20,-20,-52,-36,7
CV,Cape Verde,,,,,,ChIJMVERWSGPNQkRH-oY-TbyGms,2021-01-29,-33,-18,-22,-48,-36,4
CV,Cape Verde,,,,,,ChIJMVERWSGPNQkRH-oY-TbyGms,2021-01-30,-33,-17,-22,-56,-43,4
CV,Cape Verde,,,,,,ChIJMVERWSGPNQkRH-oY-TbyGms,2021-01-31,-45,-31,-27,-63,-50,8
CV,Cape Verde,,,,,,ChIJMVERWSGPNQkRH-oY-TbyGms,2021-02-01,-33,-11,-18,-47,-34,2
CV,Cape Verde,,,,,,ChIJMVERWSGPNQkRH-oY-TbyGms,2021-02-02,-37,-17,-21,-55,-37,4
CV,Cape Verde,,,,,,ChIJMVERWSGPNQkRH-oY-TbyGms,2021-02-03,-37,-22,-17,-52,-38,3
CV,Cape Verde,,,,,,ChIJMVERWSGPNQkRH-oY-TbyGms,2021-02-04,-38,-20,-22,-54,-37,4
CV,Cape Verde,,,,,,ChIJMVERWSGPNQkRH-oY-TbyGms,2021-02-05,-37,-18,-22,-49,-37,2
CV,Cape Verde,,,,,,ChIJMVERWSGPNQkRH-oY-TbyGms,2021-02-06,-37,-20,-23,-65,-44,4
CV,Cape Verde,,,,,,ChIJMVERWSGPNQkRH-oY-TbyGms,2021-02-07,-51,-34,-25,-64,-50,7
CV,Cape Verde,,,,,,ChIJMVERWSGPNQkRH-oY-TbyGms,2021-02-08,-39,-18,-17,-44,-35,2
CV,Cape Verde,,,,,,ChIJMVERWSGPNQkRH-oY-TbyGms,2021-02-09,-39,-20,-22,-54,-38,4
CV,Cape Verde,,,,,,ChIJMVERWSGPNQkRH-oY-TbyGms,2021-02-10,-38,-19,-15,-50,-39,3
CV,Cape Verde,,,,,,ChIJMVERWSGPNQkRH-oY-TbyGms,2021-02-11,-37,-19,-21,-59,-38,2
CV,Cape Verde,,,,,,ChIJMVERWSGPNQkRH-oY-TbyGms,2021-02-12,-38,-15,-22,-50,-39,-1
CV,Cape Verde,,,,,,ChIJMVERWSGPNQkRH-oY-TbyGms,2021-02-13,-36,-13,-20,-64,-45,0
CV,Cape Verde,,,,,,ChIJMVERWSGPNQkRH-oY-TbyGms,2021-02-14,-42,-24,-24,-65,-50,3
CV,Cape Verde,,,,,,ChIJMVERWSGPNQkRH-oY-TbyGms,2021-02-15,-38,-14,-21,-50,-45,1
CV,Cape Verde,,,,,,ChIJMVERWSGPNQkRH-oY-TbyGms,2021-02-16,-39,-17,-20,-58,-46,3
CV,Cape Verde,,,,,,ChIJMVERWSGPNQkRH-oY-TbyGms,2021-02-17,-47,-31,-28,-62,-51,6
CV,Cape Verde,,,,,,ChIJMVERWSGPNQkRH-oY-TbyGms,2021-02-18,-42,-20,-22,-61,-38,2
CV,Cape Verde,,,,,,ChIJMVERWSGPNQkRH-oY-TbyGms,2021-02-19,-39,-17,-25,-49,-38,1
CV,Cape Verde,,,,,,ChIJMVERWSGPNQkRH-oY-TbyGms,2021-02-20,-38,-20,-22,-64,-44,1
CV,Cape Verde,,,,,,ChIJMVERWSGPNQkRH-oY-TbyGms,2021-02-21,-49,-30,-27,-66,-49,4
CV,Cape Verde,,,,,,ChIJMVERWSGPNQkRH-oY-TbyGms,2021-02-22,-39,-16,-19,-49,-36,1
CV,Cape Verde,,,,,,ChIJMVERWSGPNQkRH-oY-TbyGms,2021-02-23,-40,-20,-22,-56,-37,1
CV,Cape Verde,,,,,,ChIJMVERWSGPNQkRH-oY-TbyGms,2021-02-24,-37,-21,-18,-55,-36,2
CV,Cape Verde,,,,,,ChIJMVERWSGPNQkRH-oY-TbyGms,2021-02-25,-36,-20,-21,-57,-36,2
CV,Cape Verde,,,,,,ChIJMVERWSGPNQkRH-oY-TbyGms,2021-02-26,-35,-19,-23,-51,-36,0
CV,Cape Verde,,,,,,ChIJMVERWSGPNQkRH-oY-TbyGms,2021-02-27,-33,-15,-22,-65,-44,1
CV,Cape Verde,,,,,,ChIJMVERWSGPNQkRH-oY-TbyGms,2021-02-28,-45,-24,-22,-63,-48,4
CV,Cape Verde,,,,,,ChIJMVERWSGPNQkRH-oY-TbyGms,2021-03-01,-31,-13,-15,-49,-33,0
CV,Cape Verde,,,,,,ChIJMVERWSGPNQkRH-oY-TbyGms,2021-03-02,-34,-16,-14,-58,-35,1
CV,Cape Verde,,,,,,ChIJMVERWSGPNQkRH-oY-TbyGms,2021-03-03,-33,-18,-2,-58,-35,1
CV,Cape Verde,,,,,,ChIJMVERWSGPNQkRH-oY-TbyGms,2021-03-04,-34,-19,-4,-56,-36,2
CV,Cape Verde,,,,,,ChIJMVERWSGPNQkRH-oY-TbyGms,2021-03-05,-33,-17,-5,-51,-35,0
CV,Cape Verde,,,,,,ChIJMVERWSGPNQkRH-oY-TbyGms,2021-03-06,-34,-18,-12,-61,-42,2
CV,Cape Verde,,,,,,ChIJMVERWSGPNQkRH-oY-TbyGms,2021-03-07,-46,-31,-19,-63,-46,5
CV,Cape Verde,,,,,,ChIJMVERWSGPNQkRH-oY-TbyGms,2021-03-08,-31,-15,-1,-51,-32,0
CV,Cape Verde,,,,,,ChIJMVERWSGPNQkRH-oY-TbyGms,2021-03-09,-35,-21,-9,-57,-35,1
CV,Cape Verde,,,,,,ChIJMVERWSGPNQkRH-oY-TbyGms,2021-03-10,-36,-22,-5,-58,-33,3
CV,Cape Verde,,,,,,ChIJMVERWSGPNQkRH-oY-TbyGms,2021-03-11,-36,-22,-6,-57,-35,3
CV,Cape Verde,,,,,,ChIJMVERWSGPNQkRH-oY-TbyGms,2021-03-12,-33,-20,-7,-48,-34,1
CV,Cape Verde,,,,,,ChIJMVERWSGPNQkRH-oY-TbyGms,2021-03-13,-33,-19,-7,-60,-43,2
CV,Cape Verde,,,,,,ChIJMVERWSGPNQkRH-oY-TbyGms,2021-03-14,-44,-29,-12,-59,-46,4
CV,Cape Verde,,,,,,ChIJMVERWSGPNQkRH-oY-TbyGms,2021-03-15,-33,-16,-2,-49,-30,0
CV,Cape Verde,,,,,,ChIJMVERWSGPNQkRH-oY-TbyGms,2021-03-16,-35,-20,-3,-54,-33,2
CV,Cape Verde,,,,,,ChIJMVERWSGPNQkRH-oY-TbyGms,2021-03-17,-35,-21,2,-51,-31,2
CV,Cape Verde,,,,,,ChIJMVERWSGPNQkRH-oY-TbyGms,2021-03-18,-34,-20,-3,-53,-32,2
CV,Cape Verde,,,,,,ChIJMVERWSGPNQkRH-oY-TbyGms,2021-03-19,-31,-17,-1,-49,-32,0
CV,Cape Verde,,,,,,ChIJMVERWSGPNQkRH-oY-TbyGms,2021-03-20,-32,-17,-6,-63,-40,1
CV,Cape Verde,,,,,,ChIJMVERWSGPNQkRH-oY-TbyGms,2021-03-21,-46,-30,-11,-54,-45,2
CV,Cape Verde,,,,,,ChIJMVERWSGPNQkRH-oY-TbyGms,2021-03-22,-31,-14,-2,-51,-27,1
CV,Cape Verde,,,,,,ChIJMVERWSGPNQkRH-oY-TbyGms,2021-03-23,-34,-18,-6,-56,-32,2
CV,Cape Verde,,,,,,ChIJMVERWSGPNQkRH-oY-TbyGms,2021-03-24,-32,-17,6,-57,-31,1
CV,Cape Verde,,,,,,ChIJMVERWSGPNQkRH-oY-TbyGms,2021-03-25,-28,-14,5,-54,-30,1
CV,Cape Verde,,,,,,ChIJMVERWSGPNQkRH-oY-TbyGms,2021-03-26,-29,-14,3,-47,-32,1
CV,Cape Verde,,,,,,ChIJMVERWSGPNQkRH-oY-TbyGms,2021-03-27,-24,-13,-3,-60,-41,2
CV,Cape Verde,,,,,,ChIJMVERWSGPNQkRH-oY-TbyGms,2021-03-28,-42,-28,-11,-50,-45,4
CV,Cape Verde,,,,,,ChIJMVERWSGPNQkRH-oY-TbyGms,2021-03-29,-27,-11,5,-45,-35,3
CV,Cape Verde,,,,,,ChIJMVERWSGPNQkRH-oY-TbyGms,2021-03-30,-30,-17,1,-54,-39,3
CV,Cape Verde,,,,,,ChIJMVERWSGPNQkRH-oY-TbyGms,2021-03-31,-27,-15,13,-54,-38,3
CV,Cape Verde,,,,,,ChIJMVERWSGPNQkRH-oY-TbyGms,2021-04-01,-22,-8,12,-47,-42,4
CV,Cape Verde,,,,,,ChIJMVERWSGPNQkRH-oY-TbyGms,2021-04-02,-50,-48,-18,-55,-76,18
CV,Cape Verde,,,,,,ChIJMVERWSGPNQkRH-oY-TbyGms,2021-04-03,-28,-11,5,-64,-46,3
CV,Cape Verde,,,,,,ChIJMVERWSGPNQkRH-oY-TbyGms,2021-04-04,-45,-30,-11,-52,-46,3
CV,Cape Verde,,,,,,ChIJMVERWSGPNQkRH-oY-TbyGms,2021-04-05,-27,-12,12,-44,-34,3
CV,Cape Verde,,,,,,ChIJMVERWSGPNQkRH-oY-TbyGms,2021-04-06,-30,-17,5,-54,-37,4
CV,Cape Verde,,,,,,ChIJMVERWSGPNQkRH-oY-TbyGms,2021-04-07,-28,-14,8,-52,-31,3
CV,Cape Verde,,,,,,ChIJMVERWSGPNQkRH-oY-TbyGms,2021-04-08,-29,-14,5,-48,-30,2
CV,Cape Verde,,,,,,ChIJMVERWSGPNQkRH-oY-TbyGms,2021-04-09,-28,-14,3,-47,-30,2
CV,Cape Verde,,,,,,ChIJMVERWSGPNQkRH-oY-TbyGms,2021-04-10,-29,-15,0,-64,-39,3
CV,Cape Verde,,,,,,ChIJMVERWSGPNQkRH-oY-TbyGms,2021-04-11,-41,-25,-5,-52,-45,6
CV,Cape Verde,,,,,,ChIJMVERWSGPNQkRH-oY-TbyGms,2021-04-12,-27,-12,6,-46,-27,1
CV,Cape Verde,,,,,,ChIJMVERWSGPNQkRH-oY-TbyGms,2021-04-13,-29,-16,0,-51,-30,2
CV,Cape Verde,,,,,,ChIJMVERWSGPNQkRH-oY-TbyGms,2021-04-14,-29,-14,10,-56,-30,2
CV,Cape Verde,,,,,,ChIJMVERWSGPNQkRH-oY-TbyGms,2021-04-15,-28,-14,5,-49,-30,3
CV,Cape Verde,,,,,,ChIJMVERWSGPNQkRH-oY-TbyGms,2021-04-16,-27,-15,4,-42,-30,2
CV,Cape Verde,,,,,,ChIJMVERWSGPNQkRH-oY-TbyGms,2021-04-17,-31,-16,-4,-59,-39,6
CV,Cape Verde,,,,,,ChIJMVERWSGPNQkRH-oY-TbyGms,2021-04-18,-32,-11,-6,-50,-38,3
CV,Cape Verde,,,,,,ChIJMVERWSGPNQkRH-oY-TbyGms,2021-04-19,-33,-17,-2,-48,-38,7
CV,Cape Verde,,,,,,ChIJMVERWSGPNQkRH-oY-TbyGms,2021-04-20,-33,-16,-2,-54,-30,4
CV,Cape Verde,,,,,,ChIJMVERWSGPNQkRH-oY-TbyGms,2021-04-21,-30,-15,7,-59,-29,3
CV,Cape Verde,,,,,,ChIJMVERWSGPNQkRH-oY-TbyGms,2021-04-22,-28,-14,1,-50,-28,5
CV,Cape Verde,,,,,,ChIJMVERWSGPNQkRH-oY-TbyGms,2021-04-23,-29,-16,2,-40,-40,7
CV,Cape Verde,,,,,,ChIJMVERWSGPNQkRH-oY-TbyGms,2021-04-24,-28,-13,1,-57,-39,4
CV,Cape Verde,,,,,,ChIJMVERWSGPNQkRH-oY-TbyGms,2021-04-25,-45,-27,-10,-52,-45,7
CV,Cape Verde,,,,,,ChIJMVERWSGPNQkRH-oY-TbyGms,2021-04-26,-27,-11,8,-43,-26,3
CV,Cape Verde,,,,,,ChIJMVERWSGPNQkRH-oY-TbyGms,2021-04-27,-30,-15,0,-50,-29,4
CV,Cape Verde,,,,,,ChIJMVERWSGPNQkRH-oY-TbyGms,2021-04-28,-25,-11,10,-57,-28,4
CV,Cape Verde,,,,,,ChIJMVERWSGPNQkRH-oY-TbyGms,2021-04-29,-32,-22,1,-51,-48,11
CV,Cape Verde,,,,,,ChIJMVERWSGPNQkRH-oY-TbyGms,2021-04-30,-23,-4,8,-41,-29,3
CV,Cape Verde,,,,,,ChIJMVERWSGPNQkRH-oY-TbyGms,2021-05-01,-44,-35,-6,-65,-62,11
CV,Cape Verde,,,,,,ChIJMVERWSGPNQkRH-oY-TbyGms,2021-05-02,-41,-20,-6,-53,-46,7
CV,Cape Verde,,,,,,ChIJMVERWSGPNQkRH-oY-TbyGms,2021-05-03,-23,-3,10,-43,-25,3
CV,Cape Verde,,,,,,ChIJMVERWSGPNQkRH-oY-TbyGms,2021-05-04,-27,-11,4,-51,-28,4
CV,Cape Verde,,,,,,ChIJMVERWSGPNQkRH-oY-TbyGms,2021-05-05,-28,-12,11,-54,-27,5
CV,Cape Verde,,,,,,ChIJMVERWSGPNQkRH-oY-TbyGms,2021-05-06,-27,-13,4,-50,-29,5
CV,Cape Verde,,,,,,ChIJMVERWSGPNQkRH-oY-TbyGms,2021-05-07,-27,-9,5,-43,-27,4
CV,Cape Verde,,,,,,ChIJMVERWSGPNQkRH-oY-TbyGms,2021-05-08,-30,-10,2,-60,-36,6
CV,Cape Verde,,,,,,ChIJMVERWSGPNQkRH-oY-TbyGms,2021-05-09,-44,-23,-4,-48,-46,9
CV,Cape Verde,,,,,,ChIJMVERWSGPNQkRH-oY-TbyGms,2021-05-10,-28,-7,10,-40,-25,4
CV,Cape Verde,,,,,,ChIJMVERWSGPNQkRH-oY-TbyGms,2021-05-11,-28,-11,7,-50,-27,6
CV,Cape Verde,,,,,,ChIJMVERWSGPNQkRH-oY-TbyGms,2021-05-12,-29,-9,16,-53,-27,5
CV,Cape Verde,,,,,,ChIJMVERWSGPNQkRH-oY-TbyGms,2021-05-13,-28,-12,6,-47,-29,6
CV,Cape Verde,,,,,,ChIJMVERWSGPNQkRH-oY-TbyGms,2021-05-14,-27,-10,6,-42,-28,4
CV,Cape Verde,,,,,,ChIJMVERWSGPNQkRH-oY-TbyGms,2021-05-15,-31,-12,1,-59,-38,6
CV,Cape Verde,,,,,,ChIJMVERWSGPNQkRH-oY-TbyGms,2021-05-16,-43,-22,-3,-49,-45,8
CV,Cape Verde,,,,,,ChIJMVERWSGPNQkRH-oY-TbyGms,2021-05-17,-27,-9,12,-47,-23,4
CV,Cape Verde,,,,,,ChIJMVERWSGPNQkRH-oY-TbyGms,2021-05-18,-26,-11,4,-52,-27,4
CV,Cape Verde,,,,,,ChIJMVERWSGPNQkRH-oY-TbyGms,2021-05-19,-38,-27,6,-62,-49,13
CV,Cape Verde,,,,,,ChIJMVERWSGPNQkRH-oY-TbyGms,2021-05-20,-24,-11,7,-48,-25,5
CV,Cape Verde,,,,,,ChIJMVERWSGPNQkRH-oY-TbyGms,2021-05-21,-23,-10,1,-51,-25,3
CV,Cape Verde,,,,,,ChIJMVERWSGPNQkRH-oY-TbyGms,2021-05-22,-23,-9,2,-59,-34,4
CV,Cape Verde,,,,,,ChIJMVERWSGPNQkRH-oY-TbyGms,2021-05-23,-36,-20,-4,-54,-43,6
CV,Cape Verde,,,,,,ChIJMVERWSGPNQkRH-oY-TbyGms,2021-05-24,-23,-8,6,-49,-23,4
CV,Cape Verde,,,,,,ChIJMVERWSGPNQkRH-oY-TbyGms,2021-05-25,-26,-11,2,-54,-25,4
CV,Cape Verde,,,,,,ChIJMVERWSGPNQkRH-oY-TbyGms,2021-05-26,-25,-12,7,-58,-26,4
CV,Cape Verde,,,,,,ChIJMVERWSGPNQkRH-oY-TbyGms,2021-05-27,-20,-7,7,-47,-25,4
CV,Cape Verde,,,,,,ChIJMVERWSGPNQkRH-oY-TbyGms,2021-05-28,-14,-3,7,-45,-24,1
CV,Cape Verde,,,,,,ChIJMVERWSGPNQkRH-oY-TbyGms,2021-05-29,-20,-2,6,-51,-35,1
CV,Cape Verde,,,,,,ChIJMVERWSGPNQkRH-oY-TbyGms,2021-05-30,-35,-16,-1,-54,-47,5
CV,Cape Verde,,,,,,ChIJMVERWSGPNQkRH-oY-TbyGms,2021-05-31,-10,6,17,-46,-23,-1
CV,Cape Verde,,,,,,ChIJMVERWSGPNQkRH-oY-TbyGms,2021-06-01,-27,-27,1,-69,-73,15
CV,Cape Verde,,,,,,ChIJMVERWSGPNQkRH-oY-TbyGms,2021-06-02,-15,-2,15,-53,-25,2
CV,Cape Verde,,,,,,ChIJMVERWSGPNQkRH-oY-TbyGms,2021-06-03,-14,-4,10,-43,-26,3
CV,Cape Verde,,,,,,ChIJMVERWSGPNQkRH-oY-TbyGms,2021-06-04,-17,-4,7,-43,-24,2
CV,Cape Verde,,,,,,ChIJMVERWSGPNQkRH-oY-TbyGms,2021-06-05,-19,-4,3,-50,-34,3
CV,Cape Verde,,,,,,ChIJMVERWSGPNQkRH-oY-TbyGms,2021-06-06,-35,-15,-5,-53,-45,5
CV,Cape Verde,,,,,,ChIJMVERWSGPNQkRH-oY-TbyGms,2021-06-07,-18,-2,12,-46,-21,1
CV,Cape Verde,,,,,,ChIJMVERWSGPNQkRH-oY-TbyGms,2021-06-08,-17,-5,9,-47,-25,3
CV,Cape Verde,,,,,,ChIJMVERWSGPNQkRH-oY-TbyGms,2021-06-09,-15,-5,15,-54,-25,2
CV,Cape Verde,,,,,,ChIJMVERWSGPNQkRH-oY-TbyGms,2021-06-10,-17,-7,14,-44,-24,3
CV,Cape Verde,,,,,,ChIJMVERWSGPNQkRH-oY-TbyGms,2021-06-11,-14,-2,15,-45,-23,0
CV,Cape Verde,,,,,,ChIJMVERWSGPNQkRH-oY-TbyGms,2021-06-12,-17,-1,7,-47,-32,2
CV,Cape Verde,,,,,,ChIJMVERWSGPNQkRH-oY-TbyGms,2021-06-13,-31,-15,7,-50,-46,4
CV,Cape Verde,,,,,,ChIJMVERWSGPNQkRH-oY-TbyGms,2021-06-14,-18,-3,14,-42,-22,1
CV,Cape Verde,,,,,,ChIJMVERWSGPNQkRH-oY-TbyGms,2021-06-15,-19,-8,11,-49,-26,2
CV,Cape Verde,,,,,,ChIJMVERWSGPNQkRH-oY-TbyGms,2021-06-16,-16,-7,5,-53,-27,2
CV,Cape Verde,,,,,,ChIJMVERWSGPNQkRH-oY-TbyGms,2021-06-17,-16,-7,3,-45,-27,2
CV,Cape Verde,,,,,,ChIJMVERWSGPNQkRH-oY-TbyGms,2021-06-18,-16,-5,6,-45,-28,1
CV,Cape Verde,,,,,,ChIJMVERWSGPNQkRH-oY-TbyGms,2021-06-19,-17,-8,0,-47,-38,3
CV,Cape Verde,,,,,,ChIJMVERWSGPNQkRH-oY-TbyGms,2021-06-20,-33,-18,-1,-48,-50,3
CV,Cape Verde,,,,,,ChIJMVERWSGPNQkRH-oY-TbyGms,2021-06-21,-16,-4,9,-40,-26,1
CV,Cape Verde,,,,,,ChIJMVERWSGPNQkRH-oY-TbyGms,2021-06-22,-18,-10,3,-48,-30,1
CV,Cape Verde,,,,,,ChIJMVERWSGPNQkRH-oY-TbyGms,2021-06-23,-15,-10,10,-49,-30,2
CV,Cape Verde,,,,,,ChIJMVERWSGPNQkRH-oY-TbyGms,2021-06-24,-15,-9,7,-43,-31,2
CV,Cape Verde,,,,,,ChIJMVERWSGPNQkRH-oY-TbyGms,2021-06-25,-12,-2,11,-38,-30,0
CV,Cape Verde,,,,,,ChIJMVERWSGPNQkRH-oY-TbyGms,2021-06-26,-14,0,10,-45,-38,2
CV,Cape Verde,,,,,,ChIJMVERWSGPNQkRH-oY-TbyGms,2021-06-27,-27,-13,11,-47,-46,4
CV,Cape Verde,,,,,,ChIJMVERWSGPNQkRH-oY-TbyGms,2021-06-28,-10,2,15,-26,-28,1
CV,Cape Verde,,,,,,ChIJMVERWSGPNQkRH-oY-TbyGms,2021-06-29,-16,-7,13,-43,-33,3
CV,Cape Verde,,,,,,ChIJMVERWSGPNQkRH-oY-TbyGms,2021-06-30,-10,-2,14,-43,-32,3
CV,Cape Verde,,,,,,ChIJMVERWSGPNQkRH-oY-TbyGms,2021-07-01,-10,0,15,-33,-33,2
CV,Cape Verde,,,,,,ChIJMVERWSGPNQkRH-oY-TbyGms,2021-07-02,-13,-2,10,-34,-33,3
CV,Cape Verde,,,,,,ChIJMVERWSGPNQkRH-oY-TbyGms,2021-07-03,-10,1,15,-40,-40,1
CV,Cape Verde,,,,,,ChIJMVERWSGPNQkRH-oY-TbyGms,2021-07-04,-18,-5,29,-43,-43,-1
CV,Cape Verde,,,,,,ChIJMVERWSGPNQkRH-oY-TbyGms,2021-07-05,-34,-33,6,-45,-74,13
CV,Cape Verde,,,,,,ChIJMVERWSGPNQkRH-oY-TbyGms,2021-07-06,-12,2,10,-35,-34,1
CV,Cape Verde,,,,,,ChIJMVERWSGPNQkRH-oY-TbyGms,2021-07-07,-10,0,19,-41,-34,2
CV,Cape Verde,,,,,,ChIJMVERWSGPNQkRH-oY-TbyGms,2021-07-08,-12,-1,16,-34,-34,2
CV,Cape Verde,,,,,,ChIJMVERWSGPNQkRH-oY-TbyGms,2021-07-09,-13,-1,13,-32,-34,1
CV,Cape Verde,,,,,,ChIJMVERWSGPNQkRH-oY-TbyGms,2021-07-10,-12,-3,11,-38,-40,2
CV,Cape Verde,,,,,,ChIJMVERWSGPNQkRH-oY-TbyGms,2021-07-11,-29,-13,7,-46,-45,3
CV,Cape Verde,,,,,,ChIJMVERWSGPNQkRH-oY-TbyGms,2021-07-12,-11,3,19,-36,-33,1
CV,Cape Verde,,,,,,ChIJMVERWSGPNQkRH-oY-TbyGms,2021-07-13,-14,-3,15,-33,-36,1
CV,Cape Verde,,,,,,ChIJMVERWSGPNQkRH-oY-TbyGms,2021-07-14,-9,0,19,-40,-36,1
CV,Cape Verde,,,,,,ChIJMVERWSGPNQkRH-oY-TbyGms,2021-07-15,-8,5,17,-36,-34,1
CV,Cape Verde,,,,,,ChIJMVERWSGPNQkRH-oY-TbyGms,2021-07-16,-10,4,12,-28,-34,1
CV,Cape Verde,,,,,,ChIJMVERWSGPNQkRH-oY-TbyGms,2021-07-17,-12,2,12,-42,-42,0
CV,Cape Verde,,,,,,ChIJMVERWSGPNQkRH-oY-TbyGms,2021-07-18,-25,-9,13,-49,-47,2
CV,Cape Verde,,,,,,ChIJMVERWSGPNQkRH-oY-TbyGms,2021-07-19,-10,7,13,-27,-34,1
CV,Cape Verde,,,,,,ChIJMVERWSGPNQkRH-oY-TbyGms,2021-07-20,-11,1,17,-24,-38,0
CV,Cape Verde,,,,,,ChIJMVERWSGPNQkRH-oY-TbyGms,2021-07-21,-7,5,25,-33,-37,0
CV,Cape Verde,,,,,,ChIJMVERWSGPNQkRH-oY-TbyGms,2021-07-22,-3,8,22,-30,-36,0
CV,Cape Verde,,,,,,ChIJMVERWSGPNQkRH-oY-TbyGms,2021-07-23,-4,10,17,-28,-36,-1
CV,Cape Verde,,,,,,ChIJMVERWSGPNQkRH-oY-TbyGms,2021-07-24,-5,7,20,-35,-42,-2
CV,Cape Verde,,,,,,ChIJMVERWSGPNQkRH-oY-TbyGms,2021-07-25,-18,-3,22,-41,-47,-1
CV,Cape Verde,,,,,,ChIJMVERWSGPNQkRH-oY-TbyGms,2021-07-26,-5,11,19,-26,-36,0
CV,Cape Verde,,,,,,ChIJMVERWSGPNQkRH-oY-TbyGms,2021-07-27,-7,5,18,-23,-39,1
CV,Cape Verde,,,,,,ChIJMVERWSGPNQkRH-oY-TbyGms,2021-07-28,-4,8,29,-31,-38,1
CV,Cape Verde,,,,,,ChIJMVERWSGPNQkRH-oY-TbyGms,2021-07-29,-1,11,26,-34,-36,0
CV,Cape Verde,,,,,,ChIJMVERWSGPNQkRH-oY-TbyGms,2021-07-30,-2,8,25,-30,-37,-1
CV,Cape Verde,,,,,,ChIJMVERWSGPNQkRH-oY-TbyGms,2021-07-31,-3,10,21,-40,-43,-2
CV,Cape Verde,,,,,,ChIJMVERWSGPNQkRH-oY-TbyGms,2021-08-01,-15,-1,27,-42,-45,-2
CV,Cape Verde,,,,,,ChIJMVERWSGPNQkRH-oY-TbyGms,2021-08-02,2,18,31,-25,-35,-1
CV,Cape Verde,,,,,,ChIJMVERWSGPNQkRH-oY-TbyGms,2021-08-03,-8,3,21,-23,-40,2
CV,Cape Verde,,,,,,ChIJMVERWSGPNQkRH-oY-TbyGms,2021-08-04,-1,10,29,-31,-40,1
CV,Cape Verde,,,,,,ChIJMVERWSGPNQkRH-oY-TbyGms,2021-08-05,2,10,33,-30,-39,1
CV,Cape Verde,,,,,,ChIJMVERWSGPNQkRH-oY-TbyGms,2021-08-06,3,11,31,-21,-39,0
CV,Cape Verde,,,,,,ChIJMVERWSGPNQkRH-oY-TbyGms,2021-08-07,-3,12,28,-30,-43,-1
CV,Cape Verde,,,,,,ChIJMVERWSGPNQkRH-oY-TbyGms,2021-08-08,-12,1,32,-39,-45,-2
CV,Cape Verde,,,,,,ChIJMVERWSGPNQkRH-oY-TbyGms,2021-08-09,4,19,38,-20,-36,-1
CV,Cape Verde,,,,,,ChIJMVERWSGPNQkRH-oY-TbyGms,2021-08-10,2,9,34,-15,-40,1
CV,Cape Verde,,,,,,ChIJMVERWSGPNQkRH-oY-TbyGms,2021-08-11,4,13,48,-29,-40,-1
CV,Cape Verde,,,,,,ChIJMVERWSGPNQkRH-oY-TbyGms,2021-08-12,4,12,42,-24,-39,0
CV,Cape Verde,,,,,,ChIJMVERWSGPNQkRH-oY-TbyGms,2021-08-13,3,11,32,-21,-39,0
CV,Cape Verde,,,,,,ChIJMVERWSGPNQkRH-oY-TbyGms,2021-08-14,2,10,36,-24,-42,-2
CV,Cape Verde,,,,,,ChIJMVERWSGPNQkRH-oY-TbyGms,2021-08-15,-9,3,34,-36,-45,-2
CV,Cape Verde,,,,,,ChIJMVERWSGPNQkRH-oY-TbyGms,2021-08-16,5,14,39,-17,-39,-1
CV,Cape Verde,,,,,,ChIJMVERWSGPNQkRH-oY-TbyGms,2021-08-17,2,9,40,-14,-42,-1
CV,Cape Verde,,,,,,ChIJMVERWSGPNQkRH-oY-TbyGms,2021-08-18,-4,0,29,-33,-41,2
CV,Cape Verde,,,,,,ChIJMVERWSGPNQkRH-oY-TbyGms,2021-08-19,9,10,37,-27,-38,0
CV,Cape Verde,,,,,,ChIJMVERWSGPNQkRH-oY-TbyGms,2021-08-20,2,9,30,-23,-40,1
CV,Cape Verde,,,,,,ChIJMVERWSGPNQkRH-oY-TbyGms,2021-08-21,-2,3,29,-28,-42,-1
CV,Cape Verde,,,,,,ChIJMVERWSGPNQkRH-oY-TbyGms,2021-08-22,-13,-5,38,-38,-45,-1
CV,Cape Verde,,,,,,ChIJMVERWSGPNQkRH-oY-TbyGms,2021-08-23,2,12,30,-16,-38,0
CV,Cape Verde,,,,,,ChIJMVERWSGPNQkRH-oY-TbyGms,2021-08-24,1,8,25,-21,-40,1
CV,Cape Verde,,,,,,ChIJMVERWSGPNQkRH-oY-TbyGms,2021-08-25,0,9,32,-35,-40,1
CV,Cape Verde,,,,,,ChIJMVERWSGPNQkRH-oY-TbyGms,2021-08-26,0,3,22,-34,-41,2
CV,Cape Verde,,,,,,ChIJMVERWSGPNQkRH-oY-TbyGms,2021-08-27,3,8,28,-31,-38,0
CV,Cape Verde,,,,,,ChIJMVERWSGPNQkRH-oY-TbyGms,2021-08-28,-2,6,21,-34,-40,-1
CV,Cape Verde,,,,,,ChIJMVERWSGPNQkRH-oY-TbyGms,2021-08-29,-13,-4,24,-31,-43,0
CV,Cape Verde,,,,,,ChIJMVERWSGPNQkRH-oY-TbyGms,2021-08-30,2,12,28,-23,-36,0
CV,Cape Verde,,,,,,ChIJMVERWSGPNQkRH-oY-TbyGms,2021-08-31,1,10,22,-25,-38,0
CV,Cape Verde,,,,,,ChIJMVERWSGPNQkRH-oY-TbyGms,2021-09-01,0,7,27,-37,-37,2
CV,Cape Verde,,,,,,ChIJMVERWSGPNQkRH-oY-TbyGms,2021-09-02,0,11,22,-33,-36,2
CV,Cape Verde,,,,,,ChIJMVERWSGPNQkRH-oY-TbyGms,2021-09-03,4,11,20,-26,-34,0
CV,Cape Verde,,,,,,ChIJMVERWSGPNQkRH-oY-TbyGms,2021-09-04,1,9,19,-31,-39,1
CV,Cape Verde,,,,,,ChIJMVERWSGPNQkRH-oY-TbyGms,2021-09-05,-13,-3,20,-39,-40,2
CV,Cape Verde,,,,,,ChIJMVERWSGPNQkRH-oY-TbyGms,2021-09-06,6,17,23,-24,-31,-1
CV,Cape Verde,,,,,,ChIJMVERWSGPNQkRH-oY-TbyGms,2021-09-07,5,13,22,-20,-34,1
CV,Cape Verde,,,,,,ChIJMVERWSGPNQkRH-oY-TbyGms,2021-09-08,5,11,31,-37,-33,0
CV,Cape Verde,,,,,,ChIJMVERWSGPNQkRH-oY-TbyGms,2021-09-09,7,11,26,-35,-32,0
CV,Cape Verde,,,,,,ChIJMVERWSGPNQkRH-oY-TbyGms,2021-09-10,4,11,23,-25,-32,0
CV,Cape Verde,,,,,,ChIJMVERWSGPNQkRH-oY-TbyGms,2021-09-11,-5,8,15,-34,-39,2
CV,Cape Verde,,,,,,ChIJMVERWSGPNQkRH-oY-TbyGms,2021-09-12,-18,-4,16,-42,-41,3
CV,Cape Verde,,,,,,ChIJMVERWSGPNQkRH-oY-TbyGms,2021-09-13,7,18,26,-26,-32,-1
CV,Cape Verde,,,,,,ChIJMVERWSGPNQkRH-oY-TbyGms,2021-09-14,-2,7,21,-31,-36,0
CV,Cape Verde,,,,,,ChIJMVERWSGPNQkRH-oY-TbyGms,2021-09-15,-4,2,25,-49,-37,2
CV,Cape Verde,,,,,,ChIJMVERWSGPNQkRH-oY-TbyGms,2021-09-16,0,6,22,-41,-34,0
CV,Cape Verde,,,,,,ChIJMVERWSGPNQkRH-oY-TbyGms,2021-09-17,1,6,16,-31,-33,-1
CV,Cape Verde,,,,,,ChIJMVERWSGPNQkRH-oY-TbyGms,2021-09-18,-6,2,10,-32,-38,1
CV,Cape Verde,,,,,,ChIJMVERWSGPNQkRH-oY-TbyGms,2021-09-19,-25,-14,3,-39,-45,5
CV,Cape Verde,,,,,,ChIJMVERWSGPNQkRH-oY-TbyGms,2021-09-20,-2,13,20,-32,-30,0
CV,Cape Verde,,,,,,ChIJMVERWSGPNQkRH-oY-TbyGms,2021-09-21,-4,5,14,-34,-34,0
CV,Cape Verde,,,,,,ChIJMVERWSGPNQkRH-oY-TbyGms,2021-09-22,-1,7,24,-43,-28,0
CV,Cape Verde,,,,,,ChIJMVERWSGPNQkRH-oY-TbyGms,2021-09-23,0,8,18,-44,-28,0
CV,Cape Verde,,,,,,ChIJMVERWSGPNQkRH-oY-TbyGms,2021-09-24,0,8,13,-29,-29,-1
CV,Cape Verde,,,,,,ChIJMVERWSGPNQkRH-oY-TbyGms,2021-09-25,0,7,10,-29,-36,0
CV,Cape Verde,,,,,,ChIJMVERWSGPNQkRH-oY-TbyGms,2021-09-26,-20,-4,7,-42,-42,2
CV,Cape Verde,,,,,,ChIJMVERWSGPNQkRH-oY-TbyGms,2021-09-27,-3,13,16,-26,-25,-1
CV,Cape Verde,,,,,,ChIJMVERWSGPNQkRH-oY-TbyGms,2021-09-28,-5,5,14,-31,-30,-1
CV,Cape Verde,,,,,,ChIJMVERWSGPNQkRH-oY-TbyGms,2021-09-29,-4,8,17,-45,-28,-1
CV,Cape Verde,,,,,,ChIJMVERWSGPNQkRH-oY-TbyGms,2021-09-30,2,11,20,-37,-26,-1
CV,Cape Verde,,,,,,ChIJMVERWSGPNQkRH-oY-TbyGms,2021-10-01,3,13,13,-35,-26,-3
CV,Cape Verde,,,,,,ChIJMVERWSGPNQkRH-oY-TbyGms,2021-10-02,2,11,10,-23,-33,-1
CV,Cape Verde,,,,,,ChIJMVERWSGPNQkRH-oY-TbyGms,2021-10-03,-16,-3,10,-43,-40,3
CV,Cape Verde,,,,,,ChIJMVERWSGPNQkRH-oY-TbyGms,2021-10-04,0,17,16,-28,-22,-2
CV,Cape Verde,,,,,,ChIJMVERWSGPNQkRH-oY-TbyGms,2021-10-05,-3,8,11,-30,-27,0
CV,Cape Verde,,,,,,ChIJMVERWSGPNQkRH-oY-TbyGms,2021-10-06,0,9,19,-42,-25,0
CV,Cape Verde,,,,,,ChIJMVERWSGPNQkRH-oY-TbyGms,2021-10-07,1,9,14,-35,-22,0
CV,Cape Verde,,,,,,ChIJMVERWSGPNQkRH-oY-TbyGms,2021-10-08,2,10,12,-34,-23,-2
CV,Cape Verde,,,,,,ChIJMVERWSGPNQkRH-oY-TbyGms,2021-10-09,1,9,9,-30,-31,1
CV,Cape Verde,,,,,,ChIJMVERWSGPNQkRH-oY-TbyGms,2021-10-10,-17,-7,4,-41,-38,4
CV,Cape Verde,,,,,,ChIJMVERWSGPNQkRH-oY-TbyGms,2021-10-11,-1,10,11,-31,-20,-2
CV,Cape Verde,,,,,,ChIJMVERWSGPNQkRH-oY-TbyGms,2021-10-12,-4,6,8,-35,-24,-1
CV,Cape Verde,,,,,,ChIJMVERWSGPNQkRH-oY-TbyGms,2021-10-13,-2,8,16,-44,-23,-1
CV,Cape Verde,,,,,,ChIJMVERWSGPNQkRH-oY-TbyGms,2021-10-14,-1,6,10,-38,-21,-1
CV,Cape Verde,,,,,,ChIJMVERWSGPNQkRH-oY-TbyGms,2021-10-15,0,7,11,-29,-21,-2
CV,Cape Verde,,,,,,ChIJMVERWSGPNQkRH-oY-TbyGms,2021-10-16,-3,3,8,-34,-32,1
CV,Cape Verde,,,,,,ChIJMVERWSGPNQkRH-oY-TbyGms,2021-10-17,-9,3,4,-41,-36,0
CV,Cape Verde,,,,,,ChIJMVERWSGPNQkRH-oY-TbyGms,2021-10-18,-5,6,11,-28,-30,2
CV,Cape Verde,Praia,,,CV-PR,,ChIJV_GnJLaQNQkR8sSzx_UCrKA,2021-01-01,-50,-46,,-53,-83,27
CV,Cape Verde,Praia,,,CV-PR,,ChIJV_GnJLaQNQkR8sSzx_UCrKA,2021-01-02,-29,-13,,,-52,
CV,Cape Verde,Praia,,,CV-PR,,ChIJV_GnJLaQNQkR8sSzx_UCrKA,2021-01-03,-25,,,,-31,
CV,Cape Verde,Praia,,,CV-PR,,ChIJV_GnJLaQNQkR8sSzx_UCrKA,2021-01-04,-5,13,,,-28,13
CV,Cape Verde,Praia,,,CV-PR,,ChIJV_GnJLaQNQkR8sSzx_UCrKA,2021-01-05,-12,7,,,-29,13
CV,Cape Verde,Praia,,,CV-PR,,ChIJV_GnJLaQNQkR8sSzx_UCrKA,2021-01-06,-8,11,,,-23,12
CV,Cape Verde,Praia,,,CV-PR,,ChIJV_GnJLaQNQkR8sSzx_UCrKA,2021-01-07,-14,8,,,-23,14
CV,Cape Verde,Praia,,,CV-PR,,ChIJV_GnJLaQNQkR8sSzx_UCrKA,2021-01-08,-13,4,,-18,-23,11
CV,Cape Verde,Praia,,,CV-PR,,ChIJV_GnJLaQNQkR8sSzx_UCrKA,2021-01-09,-18,0,,,-26,
CV,Cape Verde,Praia,,,CV-PR,,ChIJV_GnJLaQNQkR8sSzx_UCrKA,2021-01-10,-28,-11,,,-31,
CV,Cape Verde,Praia,,,CV-PR,,ChIJV_GnJLaQNQkR8sSzx_UCrKA,2021-01-11,-8,13,,,-21,10
CV,Cape Verde,Praia,,,CV-PR,,ChIJV_GnJLaQNQkR8sSzx_UCrKA,2021-01-12,-9,4,,,-23,8
CV,Cape Verde,Praia,,,CV-PR,,ChIJV_GnJLaQNQkR8sSzx_UCrKA,2021-01-13,-36,-37,,,-76,24
CV,Cape Verde,Praia,,,CV-PR,,ChIJV_GnJLaQNQkR8sSzx_UCrKA,2021-01-14,-19,-3,,,-33,7
CV,Cape Verde,Praia,,,CV-PR,,ChIJV_GnJLaQNQkR8sSzx_UCrKA,2021-01-15,-29,-20,,-32,-37,9
CV,Cape Verde,Praia,,,CV-PR,,ChIJV_GnJLaQNQkR8sSzx_UCrKA,2021-01-16,-26,-21,,,-40,
CV,Cape Verde,Praia,,,CV-PR,,ChIJV_GnJLaQNQkR8sSzx_UCrKA,2021-01-17,-36,,,,-42,
CV,Cape Verde,Praia,,,CV-PR,,ChIJV_GnJLaQNQkR8sSzx_UCrKA,2021-01-18,-19,-7,,,-31,9
CV,Cape Verde,Praia,,,CV-PR,,ChIJV_GnJLaQNQkR8sSzx_UCrKA,2021-01-19,-15,-7,,,-34,8
CV,Cape Verde,Praia,,,CV-PR,,ChIJV_GnJLaQNQkR8sSzx_UCrKA,2021-01-20,-44,-38,,,-78,27
CV,Cape Verde,Praia,,,CV-PR,,ChIJV_GnJLaQNQkR8sSzx_UCrKA,2021-01-21,-23,-4,,,-32,11
CV,Cape Verde,Praia,,,CV-PR,,ChIJV_GnJLaQNQkR8sSzx_UCrKA,2021-01-22,-22,-8,,-28,-35,10
CV,Cape Verde,Praia,,,CV-PR,,ChIJV_GnJLaQNQkR8sSzx_UCrKA,2021-01-23,-22,-8,,,-37,
CV,Cape Verde,Praia,,,CV-PR,,ChIJV_GnJLaQNQkR8sSzx_UCrKA,2021-01-24,-27,,,,-37,
CV,Cape Verde,Praia,,,CV-PR,,ChIJV_GnJLaQNQkR8sSzx_UCrKA,2021-01-25,-16,2,,,-31,9
CV,Cape Verde,Praia,,,CV-PR,,ChIJV_GnJLaQNQkR8sSzx_UCrKA,2021-01-26,-18,-7,,,-32,9
CV,Cape Verde,Praia,,,CV-PR,,ChIJV_GnJLaQNQkR8sSzx_UCrKA,2021-01-27,-16,-4,,,-30,10
CV,Cape Verde,Praia,,,CV-PR,,ChIJV_GnJLaQNQkR8sSzx_UCrKA,2021-01-28,-17,0,,,-31,9
CV,Cape Verde,Praia,,,CV-PR,,ChIJV_GnJLaQNQkR8sSzx_UCrKA,2021-01-29,-17,-5,,-29,-31,6
CV,Cape Verde,Praia,,,CV-PR,,ChIJV_GnJLaQNQkR8sSzx_UCrKA,2021-01-30,-18,-3,,,-36,
CV,Cape Verde,Praia,,,CV-PR,,ChIJV_GnJLaQNQkR8sSzx_UCrKA,2021-01-31,-30,,,,-39,
CV,Cape Verde,Praia,,,CV-PR,,ChIJV_GnJLaQNQkR8sSzx_UCrKA,2021-02-01,-13,7,,,-29,5
CV,Cape Verde,Praia,,,CV-PR,,ChIJV_GnJLaQNQkR8sSzx_UCrKA,2021-02-02,-20,-5,,,-31,5
CV,Cape Verde,Praia,,,CV-PR,,ChIJV_GnJLaQNQkR8sSzx_UCrKA,2021-02-03,-18,-4,,,-32,5
CV,Cape Verde,Praia,,,CV-PR,,ChIJV_GnJLaQNQkR8sSzx_UCrKA,2021-02-04,-22,-3,,,-32,7
CV,Cape Verde,Praia,,,CV-PR,,ChIJV_GnJLaQNQkR8sSzx_UCrKA,2021-02-05,-21,-6,,-38,-33,5
CV,Cape Verde,Praia,,,CV-PR,,ChIJV_GnJLaQNQkR8sSzx_UCrKA,2021-02-06,-21,-6,,,-35,
CV,Cape Verde,Praia,,,CV-PR,,ChIJV_GnJLaQNQkR8sSzx_UCrKA,2021-02-07,-33,-17,,,-38,
CV,Cape Verde,Praia,,,CV-PR,,ChIJV_GnJLaQNQkR8sSzx_UCrKA,2021-02-08,-17,-3,,-44,-31,5
CV,Cape Verde,Praia,,,CV-PR,,ChIJV_GnJLaQNQkR8sSzx_UCrKA,2021-02-09,-20,-8,,,-33,5
CV,Cape Verde,Praia,,,CV-PR,,ChIJV_GnJLaQNQkR8sSzx_UCrKA,2021-02-10,-18,1,,,-32,5
CV,Cape Verde,Praia,,,CV-PR,,ChIJV_GnJLaQNQkR8sSzx_UCrKA,2021-02-11,-17,-2,,-53,-34,5
CV,Cape Verde,Praia,,,CV-PR,,ChIJV_GnJLaQNQkR8sSzx_UCrKA,2021-02-12,-19,2,,-38,-34,1
CV,Cape Verde,Praia,,,CV-PR,,ChIJV_GnJLaQNQkR8sSzx_UCrKA,2021-02-13,-14,5,,,-36,
CV,Cape Verde,Praia,,,CV-PR,,ChIJV_GnJLaQNQkR8sSzx_UCrKA,2021-02-14,-17,-7,,,-40,
CV,Cape Verde,Praia,,,CV-PR,,ChIJV_GnJLaQNQkR8sSzx_UCrKA,2021-02-15,-13,5,,,-38,3
CV,Cape Verde,Praia,,,CV-PR,,ChIJV_GnJLaQNQkR8sSzx_UCrKA,2021-02-16,-19,2,,,-40,5
CV,Cape Verde,Praia,,,CV-PR,,ChIJV_GnJLaQNQkR8sSzx_UCrKA,2021-02-17,-33,-21,,,-48,9
CV,Cape Verde,Praia,,,CV-PR,,ChIJV_GnJLaQNQkR8sSzx_UCrKA,2021-02-18,-23,-4,,-54,-32,5
CV,Cape Verde,Praia,,,CV-PR,,ChIJV_GnJLaQNQkR8sSzx_UCrKA,2021-02-19,-20,0,,-34,-31,4
CV,Cape Verde,Praia,,,CV-PR,,ChIJV_GnJLaQNQkR8sSzx_UCrKA,2021-02-20,-20,-5,,,-33,
CV,Cape Verde,Praia,,,CV-PR,,ChIJV_GnJLaQNQkR8sSzx_UCrKA,2021-02-21,-28,-14,,,-39,
CV,Cape Verde,Praia,,,CV-PR,,ChIJV_GnJLaQNQkR8sSzx_UCrKA,2021-02-22,-14,3,,,-30,2
CV,Cape Verde,Praia,,,CV-PR,,ChIJV_GnJLaQNQkR8sSzx_UCrKA,2021-02-23,-20,-7,,,-30,2
CV,Cape Verde,Praia,,,CV-PR,,ChIJV_GnJLaQNQkR8sSzx_UCrKA,2021-02-24,-9,-5,,,-30,4
CV,Cape Verde,Praia,,,CV-PR,,ChIJV_GnJLaQNQkR8sSzx_UCrKA,2021-02-25,-11,-2,,,-29,5
CV,Cape Verde,Praia,,,CV-PR,,ChIJV_GnJLaQNQkR8sSzx_UCrKA,2021-02-26,-11,-5,,-32,-30,2
CV,Cape Verde,Praia,,,CV-PR,,ChIJV_GnJLaQNQkR8sSzx_UCrKA,2021-02-27,-7,2,,,-33,
CV,Cape Verde,Praia,,,CV-PR,,ChIJV_GnJLaQNQkR8sSzx_UCrKA,2021-02-28,-20,,,,-38,
CV,Cape Verde,Praia,,,CV-PR,,ChIJV_GnJLaQNQkR8sSzx_UCrKA,2021-03-01,0,4,,,-23,2
CV,Cape Verde,Praia,,,CV-PR,,ChIJV_GnJLaQNQkR8sSzx_UCrKA,2021-03-02,-7,0,,,-28,3
CV,Cape Verde,Praia,,,CV-PR,,ChIJV_GnJLaQNQkR8sSzx_UCrKA,2021-03-03,,1,,,-27,3
CV,Cape Verde,Praia,,,CV-PR,,ChIJV_GnJLaQNQkR8sSzx_UCrKA,2021-03-04,-7,-2,,,-29,4
CV,Cape Verde,Praia,,,CV-PR,,ChIJV_GnJLaQNQkR8sSzx_UCrKA,2021-03-05,-10,0,,-42,-29,2
CV,Cape Verde,Praia,,,CV-PR,,ChIJV_GnJLaQNQkR8sSzx_UCrKA,2021-03-06,-8,-3,,,-32,
CV,Cape Verde,Praia,,,CV-PR,,ChIJV_GnJLaQNQkR8sSzx_UCrKA,2021-03-07,-22,,,,-34,
CV,Cape Verde,Praia,,,CV-PR,,ChIJV_GnJLaQNQkR8sSzx_UCrKA,2021-03-08,-1,2,,,-25,2
CV,Cape Verde,Praia,,,CV-PR,,ChIJV_GnJLaQNQkR8sSzx_UCrKA,2021-03-09,-9,-9,,,-28,2
CV,Cape Verde,Praia,,,CV-PR,,ChIJV_GnJLaQNQkR8sSzx_UCrKA,2021-03-10,-4,-3,,,-26,4
CV,Cape Verde,Praia,,,CV-PR,,ChIJV_GnJLaQNQkR8sSzx_UCrKA,2021-03-11,-8,-3,,,-27,5
CV,Cape Verde,Praia,,,CV-PR,,ChIJV_GnJLaQNQkR8sSzx_UCrKA,2021-03-12,-6,-2,,-31,-26,2
CV,Cape Verde,Praia,,,CV-PR,,ChIJV_GnJLaQNQkR8sSzx_UCrKA,2021-03-13,-9,-3,,,-32,
CV,Cape Verde,Praia,,,CV-PR,,ChIJV_GnJLaQNQkR8sSzx_UCrKA,2021-03-14,-21,-11,,,-34,
CV,Cape Verde,Praia,,,CV-PR,,ChIJV_GnJLaQNQkR8sSzx_UCrKA,2021-03-15,-4,1,,,-22,1
CV,Cape Verde,Praia,,,CV-PR,,ChIJV_GnJLaQNQkR8sSzx_UCrKA,2021-03-16,-5,-6,,,-25,3
CV,Cape Verde,Praia,,,CV-PR,,ChIJV_GnJLaQNQkR8sSzx_UCrKA,2021-03-17,-1,-1,,,-23,3
CV,Cape Verde,Praia,,,CV-PR,,ChIJV_GnJLaQNQkR8sSzx_UCrKA,2021-03-18,-6,-1,,,-26,4
CV,Cape Verde,Praia,,,CV-PR,,ChIJV_GnJLaQNQkR8sSzx_UCrKA,2021-03-19,-3,-2,,-37,-26,0
CV,Cape Verde,Praia,,,CV-PR,,ChIJV_GnJLaQNQkR8sSzx_UCrKA,2021-03-20,-6,-1,,,-32,
CV,Cape Verde,Praia,,,CV-PR,,ChIJV_GnJLaQNQkR8sSzx_UCrKA,2021-03-21,-19,-12,,,-29,
CV,Cape Verde,Praia,,,CV-PR,,ChIJV_GnJLaQNQkR8sSzx_UCrKA,2021-03-22,1,4,,,-21,2
CV,Cape Verde,Praia,,,CV-PR,,ChIJV_GnJLaQNQkR8sSzx_UCrKA,2021-03-23,-6,-4,,,-25,2
CV,Cape Verde,Praia,,,CV-PR,,ChIJV_GnJLaQNQkR8sSzx_UCrKA,2021-03-24,-1,2,,,-24,2
CV,Cape Verde,Praia,,,CV-PR,,ChIJV_GnJLaQNQkR8sSzx_UCrKA,2021-03-25,2,3,,,-23,2
CV,Cape Verde,Praia,,,CV-PR,,ChIJV_GnJLaQNQkR8sSzx_UCrKA,2021-03-26,3,2,,-25,-26,2
CV,Cape Verde,Praia,,,CV-PR,,ChIJV_GnJLaQNQkR8sSzx_UCrKA,2021-03-27,1,4,,,-32,
CV,Cape Verde,Praia,,,CV-PR,,ChIJV_GnJLaQNQkR8sSzx_UCrKA,2021-03-28,-18,,,,-33,
CV,Cape Verde,Praia,,,CV-PR,,ChIJV_GnJLaQNQkR8sSzx_UCrKA,2021-03-29,7,5,,,-29,4
CV,Cape Verde,Praia,,,CV-PR,,ChIJV_GnJLaQNQkR8sSzx_UCrKA,2021-03-30,0,-3,,,-31,5
CV,Cape Verde,Praia,,,CV-PR,,ChIJV_GnJLaQNQkR8sSzx_UCrKA,2021-03-31,9,6,,,-32,3
CV,Cape Verde,Praia,,,CV-PR,,ChIJV_GnJLaQNQkR8sSzx_UCrKA,2021-04-01,9,15,,,-37,7
CV,Cape Verde,Praia,,,CV-PR,,ChIJV_GnJLaQNQkR8sSzx_UCrKA,2021-04-02,-41,-44,,-37,-82,24
CV,Cape Verde,Praia,,,CV-PR,,ChIJV_GnJLaQNQkR8sSzx_UCrKA,2021-04-03,-5,2,,,-42,
CV,Cape Verde,Praia,,,CV-PR,,ChIJV_GnJLaQNQkR8sSzx_UCrKA,2021-04-04,-27,,,,-37,
CV,Cape Verde,Praia,,,CV-PR,,ChIJV_GnJLaQNQkR8sSzx_UCrKA,2021-04-05,4,3,,,-28,3
CV,Cape Verde,Praia,,,CV-PR,,ChIJV_GnJLaQNQkR8sSzx_UCrKA,2021-04-06,0,-5,,,-31,3
CV,Cape Verde,Praia,,,CV-PR,,ChIJV_GnJLaQNQkR8sSzx_UCrKA,2021-04-07,4,4,,,-25,2
CV,Cape Verde,Praia,,,CV-PR,,ChIJV_GnJLaQNQkR8sSzx_UCrKA,2021-04-08,-1,4,,,-26,3
CV,Cape Verde,Praia,,,CV-PR,,ChIJV_GnJLaQNQkR8sSzx_UCrKA,2021-04-09,3,3,,-24,-25,3
CV,Cape Verde,Praia,,,CV-PR,,ChIJV_GnJLaQNQkR8sSzx_UCrKA,2021-04-10,-7,1,,,-34,
CV,Cape Verde,Praia,,,CV-PR,,ChIJV_GnJLaQNQkR8sSzx_UCrKA,2021-04-11,-14,-6,,,-32,
CV,Cape Verde,Praia,,,CV-PR,,ChIJV_GnJLaQNQkR8sSzx_UCrKA,2021-04-12,6,5,,,-20,3
CV,Cape Verde,Praia,,,CV-PR,,ChIJV_GnJLaQNQkR8sSzx_UCrKA,2021-04-13,-1,0,,,-22,3
CV,Cape Verde,Praia,,,CV-PR,,ChIJV_GnJLaQNQkR8sSzx_UCrKA,2021-04-14,3,7,,,-25,2
CV,Cape Verde,Praia,,,CV-PR,,ChIJV_GnJLaQNQkR8sSzx_UCrKA,2021-04-15,1,6,,,-24,5
CV,Cape Verde,Praia,,,CV-PR,,ChIJV_GnJLaQNQkR8sSzx_UCrKA,2021-04-16,0,1,,-13,-25,3
CV,Cape Verde,Praia,,,CV-PR,,ChIJV_GnJLaQNQkR8sSzx_UCrKA,2021-04-17,-7,1,,,-29,
CV,Cape Verde,Praia,,,CV-PR,,ChIJV_GnJLaQNQkR8sSzx_UCrKA,2021-04-18,-9,9,,,-29,
CV,Cape Verde,Praia,,,CV-PR,,ChIJV_GnJLaQNQkR8sSzx_UCrKA,2021-04-19,0,1,,,-33,10
CV,Cape Verde,Praia,,,CV-PR,,ChIJV_GnJLaQNQkR8sSzx_UCrKA,2021-04-20,-2,3,,,-26,6
CV,Cape Verde,Praia,,,CV-PR,,ChIJV_GnJLaQNQkR8sSzx_UCrKA,2021-04-21,0,6,,,-23,6
CV,Cape Verde,Praia,,,CV-PR,,ChIJV_GnJLaQNQkR8sSzx_UCrKA,2021-04-22,-1,5,,,-23,8
CV,Cape Verde,Praia,,,CV-PR,,ChIJV_GnJLaQNQkR8sSzx_UCrKA,2021-04-23,0,4,,-7,-35,9
CV,Cape Verde,Praia,,,CV-PR,,ChIJV_GnJLaQNQkR8sSzx_UCrKA,2021-04-24,-1,4,,,-31,
CV,Cape Verde,Praia,,,CV-PR,,ChIJV_GnJLaQNQkR8sSzx_UCrKA,2021-04-25,-25,,,,-36,
CV,Cape Verde,Praia,,,CV-PR,,ChIJV_GnJLaQNQkR8sSzx_UCrKA,2021-04-26,7,10,,,-22,4
CV,Cape Verde,Praia,,,CV-PR,,ChIJV_GnJLaQNQkR8sSzx_UCrKA,2021-04-27,0,0,,,-25,7
CV,Cape Verde,Praia,,,CV-PR,,ChIJV_GnJLaQNQkR8sSzx_UCrKA,2021-04-28,7,13,,,-24,6
CV,Cape Verde,Praia,,,CV-PR,,ChIJV_GnJLaQNQkR8sSzx_UCrKA,2021-04-29,-23,-16,,,-71,22
CV,Cape Verde,Praia,,,CV-PR,,ChIJV_GnJLaQNQkR8sSzx_UCrKA,2021-04-30,4,12,,-11,-28,6
CV,Cape Verde,Praia,,,CV-PR,,ChIJV_GnJLaQNQkR8sSzx_UCrKA,2021-05-01,-36,-22,,,-61,
CV,Cape Verde,Praia,,,CV-PR,,ChIJV_GnJLaQNQkR8sSzx_UCrKA,2021-05-02,-23,,,,-34,
CV,Cape Verde,Praia,,,CV-PR,,ChIJV_GnJLaQNQkR8sSzx_UCrKA,2021-05-03,12,19,,,-19,4
CV,Cape Verde,Praia,,,CV-PR,,ChIJV_GnJLaQNQkR8sSzx_UCrKA,2021-05-04,4,6,,,-24,7
CV,Cape Verde,Praia,,,CV-PR,,ChIJV_GnJLaQNQkR8sSzx_UCrKA,2021-05-05,3,7,,,-22,6
CV,Cape Verde,Praia,,,CV-PR,,ChIJV_GnJLaQNQkR8sSzx_UCrKA,2021-05-06,1,7,,,-25,7
CV,Cape Verde,Praia,,,CV-PR,,ChIJV_GnJLaQNQkR8sSzx_UCrKA,2021-05-07,1,10,,-17,-23,7
CV,Cape Verde,Praia,,,CV-PR,,ChIJV_GnJLaQNQkR8sSzx_UCrKA,2021-05-08,-9,9,,,-29,
CV,Cape Verde,Praia,,,CV-PR,,ChIJV_GnJLaQNQkR8sSzx_UCrKA,2021-05-09,-26,,,,-39,
CV,Cape Verde,Praia,,,CV-PR,,ChIJV_GnJLaQNQkR8sSzx_UCrKA,2021-05-10,6,16,,,-20,6
CV,Cape Verde,Praia,,,CV-PR,,ChIJV_GnJLaQNQkR8sSzx_UCrKA,2021-05-11,7,7,,,-23,8
CV,Cape Verde,Praia,,,CV-PR,,ChIJV_GnJLaQNQkR8sSzx_UCrKA,2021-05-12,6,15,,,-22,6
CV,Cape Verde,Praia,,,CV-PR,,ChIJV_GnJLaQNQkR8sSzx_UCrKA,2021-05-13,6,13,,,-23,9
CV,Cape Verde,Praia,,,CV-PR,,ChIJV_GnJLaQNQkR8sSzx_UCrKA,2021-05-14,1,12,,-20,-23,6
CV,Cape Verde,Praia,,,CV-PR,,ChIJV_GnJLaQNQkR8sSzx_UCrKA,2021-05-15,-7,8,,,-33,
CV,Cape Verde,Praia,,,CV-PR,,ChIJV_GnJLaQNQkR8sSzx_UCrKA,2021-05-16,-23,-4,,,-35,
CV,Cape Verde,Praia,,,CV-PR,,ChIJV_GnJLaQNQkR8sSzx_UCrKA,2021-05-17,9,16,,,-18,4
CV,Cape Verde,Praia,,,CV-PR,,ChIJV_GnJLaQNQkR8sSzx_UCrKA,2021-05-18,12,14,,,-20,4
CV,Cape Verde,Praia,,,CV-PR,,ChIJV_GnJLaQNQkR8sSzx_UCrKA,2021-05-19,-29,-21,,-61,-73,23
CV,Cape Verde,Praia,,,CV-PR,,ChIJV_GnJLaQNQkR8sSzx_UCrKA,2021-05-20,9,13,,,-19,7
CV,Cape Verde,Praia,,,CV-PR,,ChIJV_GnJLaQNQkR8sSzx_UCrKA,2021-05-21,6,12,,-33,-21,7
CV,Cape Verde,Praia,,,CV-PR,,ChIJV_GnJLaQNQkR8sSzx_UCrKA,2021-05-22,-2,9,,,-27,
CV,Cape Verde,Praia,,,CV-PR,,ChIJV_GnJLaQNQkR8sSzx_UCrKA,2021-05-23,-17,-3,,,-31,
CV,Cape Verde,Praia,,,CV-PR,,ChIJV_GnJLaQNQkR8sSzx_UCrKA,2021-05-24,13,15,,-49,-16,4
CV,Cape Verde,Praia,,,CV-PR,,ChIJV_GnJLaQNQkR8sSzx_UCrKA,2021-05-25,6,8,,,-19,5
CV,Cape Verde,Praia,,,CV-PR,,ChIJV_GnJLaQNQkR8sSzx_UCrKA,2021-05-26,4,12,,,-21,5
CV,Cape Verde,Praia,,,CV-PR,,ChIJV_GnJLaQNQkR8sSzx_UCrKA,2021-05-27,12,11,,,-18,6
CV,Cape Verde,Praia,,,CV-PR,,ChIJV_GnJLaQNQkR8sSzx_UCrKA,2021-05-28,14,13,,-23,-19,2
CV,Cape Verde,Praia,,,CV-PR,,ChIJV_GnJLaQNQkR8sSzx_UCrKA,2021-05-29,1,15,,,-27,
CV,Cape Verde,Praia,,,CV-PR,,ChIJV_GnJLaQNQkR8sSzx_UCrKA,2021-05-30,-14,,,,-39,
CV,Cape Verde,Praia,,,CV-PR,,ChIJV_GnJLaQNQkR8sSzx_UCrKA,2021-05-31,27,24,,,-15,-1
CV,Cape Verde,Praia,,,CV-PR,,ChIJV_GnJLaQNQkR8sSzx_UCrKA,2021-06-01,-6,-11,,-64,-77,19
CV,Cape Verde,Praia,,,CV-PR,,ChIJV_GnJLaQNQkR8sSzx_UCrKA,2021-06-02,19,19,,,-20,4
CV,Cape Verde,Praia,,,CV-PR,,ChIJV_GnJLaQNQkR8sSzx_UCrKA,2021-06-03,14,15,,,-18,5
CV,Cape Verde,Praia,,,CV-PR,,ChIJV_GnJLaQNQkR8sSzx_UCrKA,2021-06-04,10,11,,-18,-17,3
CV,Cape Verde,Praia,,,CV-PR,,ChIJV_GnJLaQNQkR8sSzx_UCrKA,2021-06-05,2,15,,,-24,
CV,Cape Verde,Praia,,,CV-PR,,ChIJV_GnJLaQNQkR8sSzx_UCrKA,2021-06-06,-14,2,,,-33,
CV,Cape Verde,Praia,,,CV-PR,,ChIJV_GnJLaQNQkR8sSzx_UCrKA,2021-06-07,15,15,,,-13,3
CV,Cape Verde,Praia,,,CV-PR,,ChIJV_GnJLaQNQkR8sSzx_UCrKA,2021-06-08,12,8,,,-17,5
CV,Cape Verde,Praia,,,CV-PR,,ChIJV_GnJLaQNQkR8sSzx_UCrKA,2021-06-09,17,15,,,-18,3
CV,Cape Verde,Praia,,,CV-PR,,ChIJV_GnJLaQNQkR8sSzx_UCrKA,2021-06-10,12,14,,,-17,5
CV,Cape Verde,Praia,,,CV-PR,,ChIJV_GnJLaQNQkR8sSzx_UCrKA,2021-06-11,10,14,,-26,-16,3
CV,Cape Verde,Praia,,,CV-PR,,ChIJV_GnJLaQNQkR8sSzx_UCrKA,2021-06-12,5,19,,,-22,
CV,Cape Verde,Praia,,,CV-PR,,ChIJV_GnJLaQNQkR8sSzx_UCrKA,2021-06-13,-10,5,,,-29,
CV,Cape Verde,Praia,,,CV-PR,,ChIJV_GnJLaQNQkR8sSzx_UCrKA,2021-06-14,13,14,,,-14,2
CV,Cape Verde,Praia,,,CV-PR,,ChIJV_GnJLaQNQkR8sSzx_UCrKA,2021-06-15,9,11,,,-18,4
CV,Cape Verde,Praia,,,CV-PR,,ChIJV_GnJLaQNQkR8sSzx_UCrKA,2021-06-16,18,12,,,-22,3
CV,Cape Verde,Praia,,,CV-PR,,ChIJV_GnJLaQNQkR8sSzx_UCrKA,2021-06-17,12,14,,,-19,4
CV,Cape Verde,Praia,,,CV-PR,,ChIJV_GnJLaQNQkR8sSzx_UCrKA,2021-06-18,10,12,,-26,-20,3
CV,Cape Verde,Praia,,,CV-PR,,ChIJV_GnJLaQNQkR8sSzx_UCrKA,2021-06-19,5,8,,,-28,
CV,Cape Verde,Praia,,,CV-PR,,ChIJV_GnJLaQNQkR8sSzx_UCrKA,2021-06-20,-13,0,,,-40,
CV,Cape Verde,Praia,,,CV-PR,,ChIJV_GnJLaQNQkR8sSzx_UCrKA,2021-06-21,17,12,,,-19,2
CV,Cape Verde,Praia,,,CV-PR,,ChIJV_GnJLaQNQkR8sSzx_UCrKA,2021-06-22,7,7,,,-22,2
CV,Cape Verde,Praia,,,CV-PR,,ChIJV_GnJLaQNQkR8sSzx_UCrKA,2021-06-23,13,12,,,-22,4
CV,Cape Verde,Praia,,,CV-PR,,ChIJV_GnJLaQNQkR8sSzx_UCrKA,2021-06-24,15,10,,,-22,4
CV,Cape Verde,Praia,,,CV-PR,,ChIJV_GnJLaQNQkR8sSzx_UCrKA,2021-06-25,16,15,,-25,-21,3
CV,Cape Verde,Praia,,,CV-PR,,ChIJV_GnJLaQNQkR8sSzx_UCrKA,2021-06-26,7,16,,,-31,
CV,Cape Verde,Praia,,,CV-PR,,ChIJV_GnJLaQNQkR8sSzx_UCrKA,2021-06-27,-12,2,,,-39,
CV,Cape Verde,Praia,,,CV-PR,,ChIJV_GnJLaQNQkR8sSzx_UCrKA,2021-06-28,21,23,,,-21,2
CV,Cape Verde,Praia,,,CV-PR,,ChIJV_GnJLaQNQkR8sSzx_UCrKA,2021-06-29,15,9,,,-26,4
CV,Cape Verde,Praia,,,CV-PR,,ChIJV_GnJLaQNQkR8sSzx_UCrKA,2021-06-30,20,20,,,-27,5
CV,Cape Verde,Praia,,,CV-PR,,ChIJV_GnJLaQNQkR8sSzx_UCrKA,2021-07-01,17,21,,,-26,5
CV,Cape Verde,Praia,,,CV-PR,,ChIJV_GnJLaQNQkR8sSzx_UCrKA,2021-07-02,16,16,,-26,-24,5
CV,Cape Verde,Praia,,,CV-PR,,ChIJV_GnJLaQNQkR8sSzx_UCrKA,2021-07-03,12,16,,,-36,
CV,Cape Verde,Praia,,,CV-PR,,ChIJV_GnJLaQNQkR8sSzx_UCrKA,2021-07-04,-1,8,,,-35,
CV,Cape Verde,Praia,,,CV-PR,,ChIJV_GnJLaQNQkR8sSzx_UCrKA,2021-07-05,-21,-25,,,-78,17
CV,Cape Verde,Praia,,,CV-PR,,ChIJV_GnJLaQNQkR8sSzx_UCrKA,2021-07-06,16,18,,,-27,1
CV,Cape Verde,Praia,,,CV-PR,,ChIJV_GnJLaQNQkR8sSzx_UCrKA,2021-07-07,25,22,,,-28,3
CV,Cape Verde,Praia,,,CV-PR,,ChIJV_GnJLaQNQkR8sSzx_UCrKA,2021-07-08,16,18,,,-27,4
CV,Cape Verde,Praia,,,CV-PR,,ChIJV_GnJLaQNQkR8sSzx_UCrKA,2021-07-09,15,15,,-20,-28,4
CV,Cape Verde,Praia,,,CV-PR,,ChIJV_GnJLaQNQkR8sSzx_UCrKA,2021-07-10,7,12,,,-37,
CV,Cape Verde,Praia,,,CV-PR,,ChIJV_GnJLaQNQkR8sSzx_UCrKA,2021-07-11,-12,-2,,,-37,
CV,Cape Verde,Praia,,,CV-PR,,ChIJV_GnJLaQNQkR8sSzx_UCrKA,2021-07-12,21,22,,,-25,3
CV,Cape Verde,Praia,,,CV-PR,,ChIJV_GnJLaQNQkR8sSzx_UCrKA,2021-07-13,15,14,,,-28,3
CV,Cape Verde,Praia,,,CV-PR,,ChIJV_GnJLaQNQkR8sSzx_UCrKA,2021-07-14,23,20,,,-31,2
CV,Cape Verde,Praia,,,CV-PR,,ChIJV_GnJLaQNQkR8sSzx_UCrKA,2021-07-15,19,25,,,-27,3
CV,Cape Verde,Praia,,,CV-PR,,ChIJV_GnJLaQNQkR8sSzx_UCrKA,2021-07-16,16,21,,-20,-28,3
CV,Cape Verde,Praia,,,CV-PR,,ChIJV_GnJLaQNQkR8sSzx_UCrKA,2021-07-17,4,19,,,-37,
CV,Cape Verde,Praia,,,CV-PR,,ChIJV_GnJLaQNQkR8sSzx_UCrKA,2021-07-18,-11,10,,,-34,
CV,Cape Verde,Praia,,,CV-PR,,ChIJV_GnJLaQNQkR8sSzx_UCrKA,2021-07-19,22,26,,,-27,2
CV,Cape Verde,Praia,,,CV-PR,,ChIJV_GnJLaQNQkR8sSzx_UCrKA,2021-07-20,18,20,,,-29,3
CV,Cape Verde,Praia,,,CV-PR,,ChIJV_GnJLaQNQkR8sSzx_UCrKA,2021-07-21,24,29,,,-29,1
CV,Cape Verde,Praia,,,CV-PR,,ChIJV_GnJLaQNQkR8sSzx_UCrKA,2021-07-22,27,28,,,-27,3
CV,Cape Verde,Praia,,,CV-PR,,ChIJV_GnJLaQNQkR8sSzx_UCrKA,2021-07-23,27,25,,-13,-28,1
CV,Cape Verde,Praia,,,CV-PR,,ChIJV_GnJLaQNQkR8sSzx_UCrKA,2021-07-24,9,23,,,-37,
CV,Cape Verde,Praia,,,CV-PR,,ChIJV_GnJLaQNQkR8sSzx_UCrKA,2021-07-25,-5,12,,,-37,
CV,Cape Verde,Praia,,,CV-PR,,ChIJV_GnJLaQNQkR8sSzx_UCrKA,2021-07-26,23,29,,,-28,2
CV,Cape Verde,Praia,,,CV-PR,,ChIJV_GnJLaQNQkR8sSzx_UCrKA,2021-07-27,21,21,,,-31,3
CV,Cape Verde,Praia,,,CV-PR,,ChIJV_GnJLaQNQkR8sSzx_UCrKA,2021-07-28,26,30,,,-33,3
CV,Cape Verde,Praia,,,CV-PR,,ChIJV_GnJLaQNQkR8sSzx_UCrKA,2021-07-29,25,31,,,-27,4
CV,Cape Verde,Praia,,,CV-PR,,ChIJV_GnJLaQNQkR8sSzx_UCrKA,2021-07-30,24,26,,-8,-29,2
CV,Cape Verde,Praia,,,CV-PR,,ChIJV_GnJLaQNQkR8sSzx_UCrKA,2021-07-31,16,22,,,-37,
CV,Cape Verde,Praia,,,CV-PR,,ChIJV_GnJLaQNQkR8sSzx_UCrKA,2021-08-01,9,16,,,-31,
CV,Cape Verde,Praia,,,CV-PR,,ChIJV_GnJLaQNQkR8sSzx_UCrKA,2021-08-02,33,37,,,-27,1
CV,Cape Verde,Praia,,,CV-PR,,ChIJV_GnJLaQNQkR8sSzx_UCrKA,2021-08-03,8,7,,,-32,5
CV,Cape Verde,Praia,,,CV-PR,,ChIJV_GnJLaQNQkR8sSzx_UCrKA,2021-08-04,30,31,,,-33,2
CV,Cape Verde,Praia,,,CV-PR,,ChIJV_GnJLaQNQkR8sSzx_UCrKA,2021-08-05,32,30,,,-32,4
CV,Cape Verde,Praia,,,CV-PR,,ChIJV_GnJLaQNQkR8sSzx_UCrKA,2021-08-06,24,24,,,-31,3
CV,Cape Verde,Praia,,,CV-PR,,ChIJV_GnJLaQNQkR8sSzx_UCrKA,2021-08-07,9,26,,,-40,
CV,Cape Verde,Praia,,,CV-PR,,ChIJV_GnJLaQNQkR8sSzx_UCrKA,2021-08-08,11,17,,,-37,
CV,Cape Verde,Praia,,,CV-PR,,ChIJV_GnJLaQNQkR8sSzx_UCrKA,2021-08-09,36,39,,,-28,0
CV,Cape Verde,Praia,,,CV-PR,,ChIJV_GnJLaQNQkR8sSzx_UCrKA,2021-08-10,31,24,,,-33,2
CV,Cape Verde,Praia,,,CV-PR,,ChIJV_GnJLaQNQkR8sSzx_UCrKA,2021-08-11,35,33,,,-35,2
CV,Cape Verde,Praia,,,CV-PR,,ChIJV_GnJLaQNQkR8sSzx_UCrKA,2021-08-12,34,30,,,-32,2
CV,Cape Verde,Praia,,,CV-PR,,ChIJV_GnJLaQNQkR8sSzx_UCrKA,2021-08-13,25,29,,-6,-33,2
CV,Cape Verde,Praia,,,CV-PR,,ChIJV_GnJLaQNQkR8sSzx_UCrKA,2021-08-14,14,23,,,-40,
CV,Cape Verde,Praia,,,CV-PR,,ChIJV_GnJLaQNQkR8sSzx_UCrKA,2021-08-15,4,20,,,-32,
CV,Cape Verde,Praia,,,CV-PR,,ChIJV_GnJLaQNQkR8sSzx_UCrKA,2021-08-16,35,32,,,-32,0
CV,Cape Verde,Praia,,,CV-PR,,ChIJV_GnJLaQNQkR8sSzx_UCrKA,2021-08-17,30,22,,,-34,1
CV,Cape Verde,Praia,,,CV-PR,,ChIJV_GnJLaQNQkR8sSzx_UCrKA,2021-08-18,17,13,,,-35,6
CV,Cape Verde,Praia,,,CV-PR,,ChIJV_GnJLaQNQkR8sSzx_UCrKA,2021-08-19,34,25,,,-31,3
CV,Cape Verde,Praia,,,CV-PR,,ChIJV_GnJLaQNQkR8sSzx_UCrKA,2021-08-20,23,22,,-6,-32,4
CV,Cape Verde,Praia,,,CV-PR,,ChIJV_GnJLaQNQkR8sSzx_UCrKA,2021-08-21,8,12,,,-37,
CV,Cape Verde,Praia,,,CV-PR,,ChIJV_GnJLaQNQkR8sSzx_UCrKA,2021-08-22,-5,4,,,-35,
CV,Cape Verde,Praia,,,CV-PR,,ChIJV_GnJLaQNQkR8sSzx_UCrKA,2021-08-23,28,26,,,-31,2
CV,Cape Verde,Praia,,,CV-PR,,ChIJV_GnJLaQNQkR8sSzx_UCrKA,2021-08-24,27,19,,,-34,3
CV,Cape Verde,Praia,,,CV-PR,,ChIJV_GnJLaQNQkR8sSzx_UCrKA,2021-08-25,23,27,,,-34,2
CV,Cape Verde,Praia,,,CV-PR,,ChIJV_GnJLaQNQkR8sSzx_UCrKA,2021-08-26,23,17,,,-34,7
CV,Cape Verde,Praia,,,CV-PR,,ChIJV_GnJLaQNQkR8sSzx_UCrKA,2021-08-27,28,24,,-24,-30,2
CV,Cape Verde,Praia,,,CV-PR,,ChIJV_GnJLaQNQkR8sSzx_UCrKA,2021-08-28,16,19,,,-33,
CV,Cape Verde,Praia,,,CV-PR,,ChIJV_GnJLaQNQkR8sSzx_UCrKA,2021-08-29,5,9,,,-35,
CV,Cape Verde,Praia,,,CV-PR,,ChIJV_GnJLaQNQkR8sSzx_UCrKA,2021-08-30,33,30,,,-28,2
CV,Cape Verde,Praia,,,CV-PR,,ChIJV_GnJLaQNQkR8sSzx_UCrKA,2021-08-31,29,24,,,-31,3
CV,Cape Verde,Praia,,,CV-PR,,ChIJV_GnJLaQNQkR8sSzx_UCrKA,2021-09-01,26,24,,,-33,5
CV,Cape Verde,Praia,,,CV-PR,,ChIJV_GnJLaQNQkR8sSzx_UCrKA,2021-09-02,21,28,,,-30,5
CV,Cape Verde,Praia,,,CV-PR,,ChIJV_GnJLaQNQkR8sSzx_UCrKA,2021-09-03,27,24,,-12,-29,2
CV,Cape Verde,Praia,,,CV-PR,,ChIJV_GnJLaQNQkR8sSzx_UCrKA,2021-09-04,21,19,,,-37,
CV,Cape Verde,Praia,,,CV-PR,,ChIJV_GnJLaQNQkR8sSzx_UCrKA,2021-09-05,6,10,,,-32,
CV,Cape Verde,Praia,,,CV-PR,,ChIJV_GnJLaQNQkR8sSzx_UCrKA,2021-09-06,38,37,,,-26,1
CV,Cape Verde,Praia,,,CV-PR,,ChIJV_GnJLaQNQkR8sSzx_UCrKA,2021-09-07,33,29,,,-28,2
CV,Cape Verde,Praia,,,CV-PR,,ChIJV_GnJLaQNQkR8sSzx_UCrKA,2021-09-08,34,29,,,-29,3
CV,Cape Verde,Praia,,,CV-PR,,ChIJV_GnJLaQNQkR8sSzx_UCrKA,2021-09-09,40,32,,,-26,2
CV,Cape Verde,Praia,,,CV-PR,,ChIJV_GnJLaQNQkR8sSzx_UCrKA,2021-09-10,33,27,,-8,-26,2
CV,Cape Verde,Praia,,,CV-PR,,ChIJV_GnJLaQNQkR8sSzx_UCrKA,2021-09-11,20,25,,,-35,
CV,Cape Verde,Praia,,,CV-PR,,ChIJV_GnJLaQNQkR8sSzx_UCrKA,2021-09-12,2,11,,,-33,
CV,Cape Verde,Praia,,,CV-PR,,ChIJV_GnJLaQNQkR8sSzx_UCrKA,2021-09-13,44,34,,,-26,0
CV,Cape Verde,Praia,,,CV-PR,,ChIJV_GnJLaQNQkR8sSzx_UCrKA,2021-09-14,27,23,,,-29,2
CV,Cape Verde,Praia,,,CV-PR,,ChIJV_GnJLaQNQkR8sSzx_UCrKA,2021-09-15,30,21,,,-28,2
CV,Cape Verde,Praia,,,CV-PR,,ChIJV_GnJLaQNQkR8sSzx_UCrKA,2021-09-16,28,25,,,-27,1
CV,Cape Verde,Praia,,,CV-PR,,ChIJV_GnJLaQNQkR8sSzx_UCrKA,2021-09-17,31,20,,-12,-26,0
CV,Cape Verde,Praia,,,CV-PR,,ChIJV_GnJLaQNQkR8sSzx_UCrKA,2021-09-18,15,21,,,-34,
CV,Cape Verde,Praia,,,CV-PR,,ChIJV_GnJLaQNQkR8sSzx_UCrKA,2021-09-19,0,7,,,-38,
CV,Cape Verde,Praia,,,CV-PR,,ChIJV_GnJLaQNQkR8sSzx_UCrKA,2021-09-20,29,33,,,-24,0
CV,Cape Verde,Praia,,,CV-PR,,ChIJV_GnJLaQNQkR8sSzx_UCrKA,2021-09-21,23,20,,,-27,1
CV,Cape Verde,Praia,,,CV-PR,,ChIJV_GnJLaQNQkR8sSzx_UCrKA,2021-09-22,28,25,,,-23,2
CV,Cape Verde,Praia,,,CV-PR,,ChIJV_GnJLaQNQkR8sSzx_UCrKA,2021-09-23,23,24,,,-22,2
CV,Cape Verde,Praia,,,CV-PR,,ChIJV_GnJLaQNQkR8sSzx_UCrKA,2021-09-24,21,23,,,-23,1
CV,Cape Verde,Praia,,,CV-PR,,ChIJV_GnJLaQNQkR8sSzx_UCrKA,2021-09-25,22,22,,,-33,
CV,Cape Verde,Praia,,,CV-PR,,ChIJV_GnJLaQNQkR8sSzx_UCrKA,2021-09-26,3,16,,,-36,
CV,Cape Verde,Praia,,,CV-PR,,ChIJV_GnJLaQNQkR8sSzx_UCrKA,2021-09-27,24,30,,,-18,1
CV,Cape Verde,Praia,,,CV-PR,,ChIJV_GnJLaQNQkR8sSzx_UCrKA,2021-09-28,21,22,,,-21,0
CV,Cape Verde,Praia,,,CV-PR,,ChIJV_GnJLaQNQkR8sSzx_UCrKA,2021-09-29,23,29,,,-22,-1
CV,Cape Verde,Praia,,,CV-PR,,ChIJV_GnJLaQNQkR8sSzx_UCrKA,2021-09-30,28,29,,,-19,2
CV,Cape Verde,Praia,,,CV-PR,,ChIJV_GnJLaQNQkR8sSzx_UCrKA,2021-10-01,28,28,,-7,-19,0
CV,Cape Verde,Praia,,,CV-PR,,ChIJV_GnJLaQNQkR8sSzx_UCrKA,2021-10-02,19,25,,,-30,
CV,Cape Verde,Praia,,,CV-PR,,ChIJV_GnJLaQNQkR8sSzx_UCrKA,2021-10-03,4,16,,,-31,
CV,Cape Verde,Praia,,,CV-PR,,ChIJV_GnJLaQNQkR8sSzx_UCrKA,2021-10-04,28,34,,,-15,-1
CV,Cape Verde,Praia,,,CV-PR,,ChIJV_GnJLaQNQkR8sSzx_UCrKA,2021-10-05,26,26,,,-21,1
CV,Cape Verde,Praia,,,CV-PR,,ChIJV_GnJLaQNQkR8sSzx_UCrKA,2021-10-06,30,31,,,-20,1
CV,Cape Verde,Praia,,,CV-PR,,ChIJV_GnJLaQNQkR8sSzx_UCrKA,2021-10-07,26,26,,,-16,2
CV,Cape Verde,Praia,,,CV-PR,,ChIJV_GnJLaQNQkR8sSzx_UCrKA,2021-10-08,30,28,,-9,-16,0
CV,Cape Verde,Praia,,,CV-PR,,ChIJV_GnJLaQNQkR8sSzx_UCrKA,2021-10-09,21,24,,,-27,
CV,Cape Verde,Praia,,,CV-PR,,ChIJV_GnJLaQNQkR8sSzx_UCrKA,2021-10-10,-1,10,,,-30,
CV,Cape Verde,Praia,,,CV-PR,,ChIJV_GnJLaQNQkR8sSzx_UCrKA,2021-10-11,32,28,,,-12,-1
CV,Cape Verde,Praia,,,CV-PR,,ChIJV_GnJLaQNQkR8sSzx_UCrKA,2021-10-12,26,23,,,-16,-1
CV,Cape Verde,Praia,,,CV-PR,,ChIJV_GnJLaQNQkR8sSzx_UCrKA,2021-10-13,31,29,,,-17,0
CV,Cape Verde,Praia,,,CV-PR,,ChIJV_GnJLaQNQkR8sSzx_UCrKA,2021-10-14,26,25,,,-15,1
CV,Cape Verde,Praia,,,CV-PR,,ChIJV_GnJLaQNQkR8sSzx_UCrKA,2021-10-15,26,27,,-7,-15,-1
CV,Cape Verde,Praia,,,CV-PR,,ChIJV_GnJLaQNQkR8sSzx_UCrKA,2021-10-16,21,21,,,-26,
CV,Cape Verde,Praia,,,CV-PR,,ChIJV_GnJLaQNQkR8sSzx_UCrKA,2021-10-17,12,30,,,-28,
CV,Cape Verde,Praia,,,CV-PR,,ChIJV_GnJLaQNQkR8sSzx_UCrKA,2021-10-18,29,26,,,-23,4
CV,Cape Verde,Sal,,,CV-SL,,ChIJ4fDeyAShTAkRSt4J6i3z3DE,2021-01-01,-61,,-18,-81,-76,
CV,Cape Verde,Sal,,,CV-SL,,ChIJ4fDeyAShTAkRSt4J6i3z3DE,2021-01-02,-61,,-19,-74,-59,
CV,Cape Verde,Sal,,,CV-SL,,ChIJ4fDeyAShTAkRSt4J6i3z3DE,2021-01-03,-62,,-21,-83,-60,
CV,Cape Verde,Sal,,,CV-SL,,ChIJ4fDeyAShTAkRSt4J6i3z3DE,2021-01-04,-53,,-18,-61,-48,
CV,Cape Verde,Sal,,,CV-SL,,ChIJ4fDeyAShTAkRSt4J6i3z3DE,2021-01-05,-58,,-25,-73,-54,
CV,Cape Verde,Sal,,,CV-SL,,ChIJ4fDeyAShTAkRSt4J6i3z3DE,2021-01-06,-55,,-24,-66,-48,
CV,Cape Verde,Sal,,,CV-SL,,ChIJ4fDeyAShTAkRSt4J6i3z3DE,2021-01-07,-58,,-25,-69,-50,
CV,Cape Verde,Sal,,,CV-SL,,ChIJ4fDeyAShTAkRSt4J6i3z3DE,2021-01-08,-59,,-36,-68,-50,
CV,Cape Verde,Sal,,,CV-SL,,ChIJ4fDeyAShTAkRSt4J6i3z3DE,2021-01-09,-57,,-35,-75,-50,
CV,Cape Verde,Sal,,,CV-SL,,ChIJ4fDeyAShTAkRSt4J6i3z3DE,2021-01-10,,,-35,-79,-61,
CV,Cape Verde,Sal,,,CV-SL,,ChIJ4fDeyAShTAkRSt4J6i3z3DE,2021-01-11,-60,,-43,-61,-49,
CV,Cape Verde,Sal,,,CV-SL,,ChIJ4fDeyAShTAkRSt4J6i3z3DE,2021-01-12,-59,,-35,-68,-54,
CV,Cape Verde,Sal,,,CV-SL,,ChIJ4fDeyAShTAkRSt4J6i3z3DE,2021-01-13,-65,,-45,-83,-70,
CV,Cape Verde,Sal,,,CV-SL,,ChIJ4fDeyAShTAkRSt4J6i3z3DE,2021-01-14,-64,,-44,-69,-60,
CV,Cape Verde,Sal,,,CV-SL,,ChIJ4fDeyAShTAkRSt4J6i3z3DE,2021-01-15,-67,,-49,-75,-57,
CV,Cape Verde,Sal,,,CV-SL,,ChIJ4fDeyAShTAkRSt4J6i3z3DE,2021-01-16,-65,,-46,-80,-60,
CV,Cape Verde,Sal,,,CV-SL,,ChIJ4fDeyAShTAkRSt4J6i3z3DE,2021-01-17,,,-48,-86,-65,
CV,Cape Verde,Sal,,,CV-SL,,ChIJ4fDeyAShTAkRSt4J6i3z3DE,2021-01-18,-64,,-43,-68,-56,
CV,Cape Verde,Sal,,,CV-SL,,ChIJ4fDeyAShTAkRSt4J6i3z3DE,2021-01-19,-62,,-45,-75,-56,
CV,Cape Verde,Sal,,,CV-SL,,ChIJ4fDeyAShTAkRSt4J6i3z3DE,2021-01-20,,,-44,-81,-75,
CV,Cape Verde,Sal,,,CV-SL,,ChIJ4fDeyAShTAkRSt4J6i3z3DE,2021-01-21,-64,,-43,-67,-57,
CV,Cape Verde,Sal,,,CV-SL,,ChIJ4fDeyAShTAkRSt4J6i3z3DE,2021-01-22,-60,,-48,-74,-54,
CV,Cape Verde,Sal,,,CV-SL,,ChIJ4fDeyAShTAkRSt4J6i3z3DE,2021-01-23,-64,,-43,-79,-61,
CV,Cape Verde,Sal,,,CV-SL,,ChIJ4fDeyAShTAkRSt4J6i3z3DE,2021-01-24,,,-41,-87,-67,
CV,Cape Verde,Sal,,,CV-SL,,ChIJ4fDeyAShTAkRSt4J6i3z3DE,2021-01-25,-60,,-42,-69,-56,
CV,Cape Verde,Sal,,,CV-SL,,ChIJ4fDeyAShTAkRSt4J6i3z3DE,2021-01-26,-62,,-48,-76,-55,
CV,Cape Verde,Sal,,,CV-SL,,ChIJ4fDeyAShTAkRSt4J6i3z3DE,2021-01-27,-62,,-42,-72,-54,
CV,Cape Verde,Sal,,,CV-SL,,ChIJ4fDeyAShTAkRSt4J6i3z3DE,2021-01-28,-61,,-44,-72,-56,
CV,Cape Verde,Sal,,,CV-SL,,ChIJ4fDeyAShTAkRSt4J6i3z3DE,2021-01-29,-58,,-42,-73,-53,
CV,Cape Verde,Sal,,,CV-SL,,ChIJ4fDeyAShTAkRSt4J6i3z3DE,2021-01-30,-61,,-38,-78,-57,
CV,Cape Verde,Sal,,,CV-SL,,ChIJ4fDeyAShTAkRSt4J6i3z3DE,2021-01-31,-63,,-36,-84,-58,
CV,Cape Verde,Sal,,,CV-SL,,ChIJ4fDeyAShTAkRSt4J6i3z3DE,2021-02-01,-59,,-40,-71,-52,
CV,Cape Verde,Sal,,,CV-SL,,ChIJ4fDeyAShTAkRSt4J6i3z3DE,2021-02-02,-57,,-39,-77,-54,
CV,Cape Verde,Sal,,,CV-SL,,ChIJ4fDeyAShTAkRSt4J6i3z3DE,2021-02-03,-58,,-33,-73,-55,
CV,Cape Verde,Sal,,,CV-SL,,ChIJ4fDeyAShTAkRSt4J6i3z3DE,2021-02-04,-58,,-34,-68,-55,
CV,Cape Verde,Sal,,,CV-SL,,ChIJ4fDeyAShTAkRSt4J6i3z3DE,2021-02-05,-57,,-33,-69,-53,
CV,Cape Verde,Sal,,,CV-SL,,ChIJ4fDeyAShTAkRSt4J6i3z3DE,2021-02-06,-55,,-28,-79,-58,
CV,Cape Verde,Sal,,,CV-SL,,ChIJ4fDeyAShTAkRSt4J6i3z3DE,2021-02-07,,,-27,-82,-63,
CV,Cape Verde,Sal,,,CV-SL,,ChIJ4fDeyAShTAkRSt4J6i3z3DE,2021-02-08,-56,,-28,-70,-50,
CV,Cape Verde,Sal,,,CV-SL,,ChIJ4fDeyAShTAkRSt4J6i3z3DE,2021-02-09,-54,,-35,-74,-55,
CV,Cape Verde,Sal,,,CV-SL,,ChIJ4fDeyAShTAkRSt4J6i3z3DE,2021-02-10,-60,,-28,-68,-55,
CV,Cape Verde,Sal,,,CV-SL,,ChIJ4fDeyAShTAkRSt4J6i3z3DE,2021-02-11,-57,,-32,-73,-55,
CV,Cape Verde,Sal,,,CV-SL,,ChIJ4fDeyAShTAkRSt4J6i3z3DE,2021-02-12,-58,,-40,-68,-52,
CV,Cape Verde,Sal,,,CV-SL,,ChIJ4fDeyAShTAkRSt4J6i3z3DE,2021-02-13,-61,,-31,-82,-60,
CV,Cape Verde,Sal,,,CV-SL,,ChIJ4fDeyAShTAkRSt4J6i3z3DE,2021-02-14,,,-28,-87,-59,
CV,Cape Verde,Sal,,,CV-SL,,ChIJ4fDeyAShTAkRSt4J6i3z3DE,2021-02-15,-59,,-35,-70,-56,
CV,Cape Verde,Sal,,,CV-SL,,ChIJ4fDeyAShTAkRSt4J6i3z3DE,2021-02-16,-63,,-36,-84,-58,
CV,Cape Verde,Sal,,,CV-SL,,ChIJ4fDeyAShTAkRSt4J6i3z3DE,2021-02-17,-63,,-42,-80,-55,
CV,Cape Verde,Sal,,,CV-SL,,ChIJ4fDeyAShTAkRSt4J6i3z3DE,2021-02-18,-63,,-33,-72,-57,
CV,Cape Verde,Sal,,,CV-SL,,ChIJ4fDeyAShTAkRSt4J6i3z3DE,2021-02-19,-62,,-37,-67,-55,
CV,Cape Verde,Sal,,,CV-SL,,ChIJ4fDeyAShTAkRSt4J6i3z3DE,2021-02-20,-61,,-31,,-66,
CV,Cape Verde,Sal,,,CV-SL,,ChIJ4fDeyAShTAkRSt4J6i3z3DE,2021-02-21,-66,,-34,-88,-62,
CV,Cape Verde,Sal,,,CV-SL,,ChIJ4fDeyAShTAkRSt4J6i3z3DE,2021-02-22,-58,,-37,-74,-53,
CV,Cape Verde,Sal,,,CV-SL,,ChIJ4fDeyAShTAkRSt4J6i3z3DE,2021-02-23,-61,,-36,-82,-55,
CV,Cape Verde,Sal,,,CV-SL,,ChIJ4fDeyAShTAkRSt4J6i3z3DE,2021-02-24,-61,,-31,-76,-53,
CV,Cape Verde,Sal,,,CV-SL,,ChIJ4fDeyAShTAkRSt4J6i3z3DE,2021-02-25,-60,,-34,-77,-53,
CV,Cape Verde,Sal,,,CV-SL,,ChIJ4fDeyAShTAkRSt4J6i3z3DE,2021-02-26,-62,,-38,-75,-54,
CV,Cape Verde,Sal,,,CV-SL,,ChIJ4fDeyAShTAkRSt4J6i3z3DE,2021-02-27,-61,,-29,,-57,
CV,Cape Verde,Sal,,,CV-SL,,ChIJ4fDeyAShTAkRSt4J6i3z3DE,2021-02-28,,,-33,,-57,
CV,Cape Verde,Sal,,,CV-SL,,ChIJ4fDeyAShTAkRSt4J6i3z3DE,2021-03-01,-61,,-31,-74,-52,
CV,Cape Verde,Sal,,,CV-SL,,ChIJ4fDeyAShTAkRSt4J6i3z3DE,2021-03-02,-61,,-28,-79,-50,
CV,Cape Verde,Sal,,,CV-SL,,ChIJ4fDeyAShTAkRSt4J6i3z3DE,2021-03-03,-64,,-30,-79,-53,
CV,Cape Verde,Sal,,,CV-SL,,ChIJ4fDeyAShTAkRSt4J6i3z3DE,2021-03-04,-63,,-28,-79,-57,
CV,Cape Verde,Sal,,,CV-SL,,ChIJ4fDeyAShTAkRSt4J6i3z3DE,2021-03-05,-63,,-32,-72,-52,
CV,Cape Verde,Sal,,,CV-SL,,ChIJ4fDeyAShTAkRSt4J6i3z3DE,2021-03-06,-63,,-30,-86,-59,
CV,Cape Verde,Sal,,,CV-SL,,ChIJ4fDeyAShTAkRSt4J6i3z3DE,2021-03-07,,,-32,-87,-59,
CV,Cape Verde,Sal,,,CV-SL,,ChIJ4fDeyAShTAkRSt4J6i3z3DE,2021-03-08,-57,,-29,-76,-52,
CV,Cape Verde,Sal,,,CV-SL,,ChIJ4fDeyAShTAkRSt4J6i3z3DE,2021-03-09,-62,,-34,-79,-54,
CV,Cape Verde,Sal,,,CV-SL,,ChIJ4fDeyAShTAkRSt4J6i3z3DE,2021-03-10,-63,,-32,-76,-54,
CV,Cape Verde,Sal,,,CV-SL,,ChIJ4fDeyAShTAkRSt4J6i3z3DE,2021-03-11,-63,,-32,-80,-57,
CV,Cape Verde,Sal,,,CV-SL,,ChIJ4fDeyAShTAkRSt4J6i3z3DE,2021-03-12,-63,,-32,-74,-56,
CV,Cape Verde,Sal,,,CV-SL,,ChIJ4fDeyAShTAkRSt4J6i3z3DE,2021-03-13,-62,,-29,,-62,
CV,Cape Verde,Sal,,,CV-SL,,ChIJ4fDeyAShTAkRSt4J6i3z3DE,2021-03-14,,,-22,-83,-61,
CV,Cape Verde,Sal,,,CV-SL,,ChIJ4fDeyAShTAkRSt4J6i3z3DE,2021-03-15,-62,,-23,-76,-51,
CV,Cape Verde,Sal,,,CV-SL,,ChIJ4fDeyAShTAkRSt4J6i3z3DE,2021-03-16,-64,,-29,-78,-54,
CV,Cape Verde,Sal,,,CV-SL,,ChIJ4fDeyAShTAkRSt4J6i3z3DE,2021-03-17,-63,,-24,-74,-53,
CV,Cape Verde,Sal,,,CV-SL,,ChIJ4fDeyAShTAkRSt4J6i3z3DE,2021-03-18,-63,,-28,-67,-55,
CV,Cape Verde,Sal,,,CV-SL,,ChIJ4fDeyAShTAkRSt4J6i3z3DE,2021-03-19,-62,,-30,-76,-53,
CV,Cape Verde,Sal,,,CV-SL,,ChIJ4fDeyAShTAkRSt4J6i3z3DE,2021-03-20,-63,,-25,,-60,
CV,Cape Verde,Sal,,,CV-SL,,ChIJ4fDeyAShTAkRSt4J6i3z3DE,2021-03-21,,,-20,-76,-62,
CV,Cape Verde,Sal,,,CV-SL,,ChIJ4fDeyAShTAkRSt4J6i3z3DE,2021-03-22,-59,,-29,-78,-49,
CV,Cape Verde,Sal,,,CV-SL,,ChIJ4fDeyAShTAkRSt4J6i3z3DE,2021-03-23,-61,,-31,-82,-57,
CV,Cape Verde,Sal,,,CV-SL,,ChIJ4fDeyAShTAkRSt4J6i3z3DE,2021-03-24,-64,,-31,-78,-54,
CV,Cape Verde,Sal,,,CV-SL,,ChIJ4fDeyAShTAkRSt4J6i3z3DE,2021-03-25,-62,,-28,-75,-55,
CV,Cape Verde,Sal,,,CV-SL,,ChIJ4fDeyAShTAkRSt4J6i3z3DE,2021-03-26,-64,,-28,-76,-53,
CV,Cape Verde,Sal,,,CV-SL,,ChIJ4fDeyAShTAkRSt4J6i3z3DE,2021-03-27,-63,,-22,,-63,
CV,Cape Verde,Sal,,,CV-SL,,ChIJ4fDeyAShTAkRSt4J6i3z3DE,2021-03-28,,,-27,-73,-59,
CV,Cape Verde,Sal,,,CV-SL,,ChIJ4fDeyAShTAkRSt4J6i3z3DE,2021-03-29,-59,,-28,-78,-53,
CV,Cape Verde,Sal,,,CV-SL,,ChIJ4fDeyAShTAkRSt4J6i3z3DE,2021-03-30,-61,,-28,-81,-56,
CV,Cape Verde,Sal,,,CV-SL,,ChIJ4fDeyAShTAkRSt4J6i3z3DE,2021-03-31,-61,,-25,-79,-59,
CV,Cape Verde,Sal,,,CV-SL,,ChIJ4fDeyAShTAkRSt4J6i3z3DE,2021-04-01,-57,,-24,-76,-60,
CV,Cape Verde,Sal,,,CV-SL,,ChIJ4fDeyAShTAkRSt4J6i3z3DE,2021-04-02,-66,,-32,-80,-72,
CV,Cape Verde,Sal,,,CV-SL,,ChIJ4fDeyAShTAkRSt4J6i3z3DE,2021-04-03,-59,,-22,-84,-58,
CV,Cape Verde,Sal,,,CV-SL,,ChIJ4fDeyAShTAkRSt4J6i3z3DE,2021-04-04,-64,,-19,-76,-60,
CV,Cape Verde,Sal,,,CV-SL,,ChIJ4fDeyAShTAkRSt4J6i3z3DE,2021-04-05,-55,,-21,-77,-52,
CV,Cape Verde,Sal,,,CV-SL,,ChIJ4fDeyAShTAkRSt4J6i3z3DE,2021-04-06,-59,,-27,-83,-55,
CV,Cape Verde,Sal,,,CV-SL,,ChIJ4fDeyAShTAkRSt4J6i3z3DE,2021-04-07,-59,,-30,-79,-51,
CV,Cape Verde,Sal,,,CV-SL,,ChIJ4fDeyAShTAkRSt4J6i3z3DE,2021-04-08,-60,,-22,-73,-52,
CV,Cape Verde,Sal,,,CV-SL,,ChIJ4fDeyAShTAkRSt4J6i3z3DE,2021-04-09,-65,,-26,-72,-52,
CV,Cape Verde,Sal,,,CV-SL,,ChIJ4fDeyAShTAkRSt4J6i3z3DE,2021-04-10,-62,,-24,-84,-58,
CV,Cape Verde,Sal,,,CV-SL,,ChIJ4fDeyAShTAkRSt4J6i3z3DE,2021-04-11,,,-27,-81,-61,
CV,Cape Verde,Sal,,,CV-SL,,ChIJ4fDeyAShTAkRSt4J6i3z3DE,2021-04-12,-61,,-24,-81,-49,
CV,Cape Verde,Sal,,,CV-SL,,ChIJ4fDeyAShTAkRSt4J6i3z3DE,2021-04-13,-62,,-29,-82,-55,
CV,Cape Verde,Sal,,,CV-SL,,ChIJ4fDeyAShTAkRSt4J6i3z3DE,2021-04-14,-60,,-26,-76,-53,
CV,Cape Verde,Sal,,,CV-SL,,ChIJ4fDeyAShTAkRSt4J6i3z3DE,2021-04-15,-62,,-25,-69,-53,
CV,Cape Verde,Sal,,,CV-SL,,ChIJ4fDeyAShTAkRSt4J6i3z3DE,2021-04-16,-61,,-26,-76,-52,
CV,Cape Verde,Sal,,,CV-SL,,ChIJ4fDeyAShTAkRSt4J6i3z3DE,2021-04-17,-64,,-27,-84,-63,
CV,Cape Verde,Sal,,,CV-SL,,ChIJ4fDeyAShTAkRSt4J6i3z3DE,2021-04-18,-59,,-25,-75,-58,
CV,Cape Verde,Sal,,,CV-SL,,ChIJ4fDeyAShTAkRSt4J6i3z3DE,2021-04-19,-60,,-33,-78,-52,
CV,Cape Verde,Sal,,,CV-SL,,ChIJ4fDeyAShTAkRSt4J6i3z3DE,2021-04-20,-61,,-31,-80,-54,
CV,Cape Verde,Sal,,,CV-SL,,ChIJ4fDeyAShTAkRSt4J6i3z3DE,2021-04-21,-61,,-27,-82,-53,
CV,Cape Verde,Sal,,,CV-SL,,ChIJ4fDeyAShTAkRSt4J6i3z3DE,2021-04-22,-59,,-29,-73,-55,
CV,Cape Verde,Sal,,,CV-SL,,ChIJ4fDeyAShTAkRSt4J6i3z3DE,2021-04-23,-61,,-28,-77,-54,
CV,Cape Verde,Sal,,,CV-SL,,ChIJ4fDeyAShTAkRSt4J6i3z3DE,2021-04-24,-61,,-27,-82,-55,
CV,Cape Verde,Sal,,,CV-SL,,ChIJ4fDeyAShTAkRSt4J6i3z3DE,2021-04-25,,,-28,-79,-61,
CV,Cape Verde,Sal,,,CV-SL,,ChIJ4fDeyAShTAkRSt4J6i3z3DE,2021-04-26,-59,,-27,-79,-48,
CV,Cape Verde,Sal,,,CV-SL,,ChIJ4fDeyAShTAkRSt4J6i3z3DE,2021-04-27,-61,,-29,-80,-53,
CV,Cape Verde,Sal,,,CV-SL,,ChIJ4fDeyAShTAkRSt4J6i3z3DE,2021-04-28,-57,,-28,-80,-53,
CV,Cape Verde,Sal,,,CV-SL,,ChIJ4fDeyAShTAkRSt4J6i3z3DE,2021-04-29,-55,,-20,-71,-48,
CV,Cape Verde,Sal,,,CV-SL,,ChIJ4fDeyAShTAkRSt4J6i3z3DE,2021-04-30,-54,,-26,-76,-48,
CV,Cape Verde,Sal,,,CV-SL,,ChIJ4fDeyAShTAkRSt4J6i3z3DE,2021-05-01,-62,,-26,-81,-66,
CV,Cape Verde,Sal,,,CV-SL,,ChIJ4fDeyAShTAkRSt4J6i3z3DE,2021-05-02,-63,,-22,-71,-60,
CV,Cape Verde,Sal,,,CV-SL,,ChIJ4fDeyAShTAkRSt4J6i3z3DE,2021-05-03,-55,,-24,-76,-47,
CV,Cape Verde,Sal,,,CV-SL,,ChIJ4fDeyAShTAkRSt4J6i3z3DE,2021-05-04,-58,,-27,-79,-53,
CV,Cape Verde,Sal,,,CV-SL,,ChIJ4fDeyAShTAkRSt4J6i3z3DE,2021-05-05,-56,,-26,-78,-50,
CV,Cape Verde,Sal,,,CV-SL,,ChIJ4fDeyAShTAkRSt4J6i3z3DE,2021-05-06,-57,,-27,-72,-51,
CV,Cape Verde,Sal,,,CV-SL,,ChIJ4fDeyAShTAkRSt4J6i3z3DE,2021-05-07,-59,,-24,-76,-48,
CV,Cape Verde,Sal,,,CV-SL,,ChIJ4fDeyAShTAkRSt4J6i3z3DE,2021-05-08,-61,,-23,-77,-58,
CV,Cape Verde,Sal,,,CV-SL,,ChIJ4fDeyAShTAkRSt4J6i3z3DE,2021-05-09,-64,,-20,-76,-61,
CV,Cape Verde,Sal,,,CV-SL,,ChIJ4fDeyAShTAkRSt4J6i3z3DE,2021-05-10,-55,,-27,-73,-47,
CV,Cape Verde,Sal,,,CV-SL,,ChIJ4fDeyAShTAkRSt4J6i3z3DE,2021-05-11,-56,,-24,-75,-51,
CV,Cape Verde,Sal,,,CV-SL,,ChIJ4fDeyAShTAkRSt4J6i3z3DE,2021-05-12,-59,,-22,-78,-47,
CV,Cape Verde,Sal,,,CV-SL,,ChIJ4fDeyAShTAkRSt4J6i3z3DE,2021-05-13,-58,,-26,-70,-50,
CV,Cape Verde,Sal,,,CV-SL,,ChIJ4fDeyAShTAkRSt4J6i3z3DE,2021-05-14,-57,,-28,-73,-50,
CV,Cape Verde,Sal,,,CV-SL,,ChIJ4fDeyAShTAkRSt4J6i3z3DE,2021-05-15,-59,,-22,-81,-58,
CV,Cape Verde,Sal,,,CV-SL,,ChIJ4fDeyAShTAkRSt4J6i3z3DE,2021-05-16,,,-25,-80,-60,
CV,Cape Verde,Sal,,,CV-SL,,ChIJ4fDeyAShTAkRSt4J6i3z3DE,2021-05-17,-58,,-21,-76,-49,
CV,Cape Verde,Sal,,,CV-SL,,ChIJ4fDeyAShTAkRSt4J6i3z3DE,2021-05-18,-58,,-32,-77,-51,
CV,Cape Verde,Sal,,,CV-SL,,ChIJ4fDeyAShTAkRSt4J6i3z3DE,2021-05-19,-58,,-25,-78,-49,
CV,Cape Verde,Sal,,,CV-SL,,ChIJ4fDeyAShTAkRSt4J6i3z3DE,2021-05-20,-57,,-25,-69,-50,
CV,Cape Verde,Sal,,,CV-SL,,ChIJ4fDeyAShTAkRSt4J6i3z3DE,2021-05-21,-54,,-31,-80,-48,
CV,Cape Verde,Sal,,,CV-SL,,ChIJ4fDeyAShTAkRSt4J6i3z3DE,2021-05-22,-55,,-21,-79,-52,
CV,Cape Verde,Sal,,,CV-SL,,ChIJ4fDeyAShTAkRSt4J6i3z3DE,2021-05-23,-59,,-26,-71,-61,
CV,Cape Verde,Sal,,,CV-SL,,ChIJ4fDeyAShTAkRSt4J6i3z3DE,2021-05-24,-55,,-28,-78,-48,
CV,Cape Verde,Sal,,,CV-SL,,ChIJ4fDeyAShTAkRSt4J6i3z3DE,2021-05-25,-57,,-27,-83,-49,
CV,Cape Verde,Sal,,,CV-SL,,ChIJ4fDeyAShTAkRSt4J6i3z3DE,2021-05-26,-54,,-26,-81,-50,
CV,Cape Verde,Sal,,,CV-SL,,ChIJ4fDeyAShTAkRSt4J6i3z3DE,2021-05-27,-51,,-25,-68,-48,
CV,Cape Verde,Sal,,,CV-SL,,ChIJ4fDeyAShTAkRSt4J6i3z3DE,2021-05-28,-46,,-30,-82,-46,
CV,Cape Verde,Sal,,,CV-SL,,ChIJ4fDeyAShTAkRSt4J6i3z3DE,2021-05-29,-48,,-19,-80,-54,
CV,Cape Verde,Sal,,,CV-SL,,ChIJ4fDeyAShTAkRSt4J6i3z3DE,2021-05-30,-58,,-23,-76,-57,
CV,Cape Verde,Sal,,,CV-SL,,ChIJ4fDeyAShTAkRSt4J6i3z3DE,2021-05-31,-44,,-23,-76,-48,
CV,Cape Verde,Sal,,,CV-SL,,ChIJ4fDeyAShTAkRSt4J6i3z3DE,2021-06-01,-45,,-24,,-70,
CV,Cape Verde,Sal,,,CV-SL,,ChIJ4fDeyAShTAkRSt4J6i3z3DE,2021-06-02,-48,,-26,-77,-47,
CV,Cape Verde,Sal,,,CV-SL,,ChIJ4fDeyAShTAkRSt4J6i3z3DE,2021-06-03,-50,,-23,-65,-52,
CV,Cape Verde,Sal,,,CV-SL,,ChIJ4fDeyAShTAkRSt4J6i3z3DE,2021-06-04,-50,,-25,-79,-46,
CV,Cape Verde,Sal,,,CV-SL,,ChIJ4fDeyAShTAkRSt4J6i3z3DE,2021-06-05,-46,,-21,-77,-54,
CV,Cape Verde,Sal,,,CV-SL,,ChIJ4fDeyAShTAkRSt4J6i3z3DE,2021-06-06,-54,,-21,-75,-56,
CV,Cape Verde,Sal,,,CV-SL,,ChIJ4fDeyAShTAkRSt4J6i3z3DE,2021-06-07,-45,,-21,-78,-49,
CV,Cape Verde,Sal,,,CV-SL,,ChIJ4fDeyAShTAkRSt4J6i3z3DE,2021-06-08,-49,,-16,-78,-49,
CV,Cape Verde,Sal,,,CV-SL,,ChIJ4fDeyAShTAkRSt4J6i3z3DE,2021-06-09,-48,,-17,-76,-48,
CV,Cape Verde,Sal,,,CV-SL,,ChIJ4fDeyAShTAkRSt4J6i3z3DE,2021-06-10,-49,,-16,-63,-48,
CV,Cape Verde,Sal,,,CV-SL,,ChIJ4fDeyAShTAkRSt4J6i3z3DE,2021-06-11,-47,,-24,-76,-46,
CV,Cape Verde,Sal,,,CV-SL,,ChIJ4fDeyAShTAkRSt4J6i3z3DE,2021-06-12,-51,,-17,-74,-54,
CV,Cape Verde,Sal,,,CV-SL,,ChIJ4fDeyAShTAkRSt4J6i3z3DE,2021-06-13,-57,,-16,-71,-60,
CV,Cape Verde,Sal,,,CV-SL,,ChIJ4fDeyAShTAkRSt4J6i3z3DE,2021-06-14,-49,,-25,-76,-45,
CV,Cape Verde,Sal,,,CV-SL,,ChIJ4fDeyAShTAkRSt4J6i3z3DE,2021-06-15,-47,,-20,-79,-51,
CV,Cape Verde,Sal,,,CV-SL,,ChIJ4fDeyAShTAkRSt4J6i3z3DE,2021-06-16,-51,,-25,-74,-51,
CV,Cape Verde,Sal,,,CV-SL,,ChIJ4fDeyAShTAkRSt4J6i3z3DE,2021-06-17,-48,,-23,-64,-51,
CV,Cape Verde,Sal,,,CV-SL,,ChIJ4fDeyAShTAkRSt4J6i3z3DE,2021-06-18,-50,,-24,-72,-50,
CV,Cape Verde,Sal,,,CV-SL,,ChIJ4fDeyAShTAkRSt4J6i3z3DE,2021-06-19,-49,,-19,-70,-55,
CV,Cape Verde,Sal,,,CV-SL,,ChIJ4fDeyAShTAkRSt4J6i3z3DE,2021-06-20,,,-21,-69,-62,
CV,Cape Verde,Sal,,,CV-SL,,ChIJ4fDeyAShTAkRSt4J6i3z3DE,2021-06-21,-48,,-20,-74,-48,
CV,Cape Verde,Sal,,,CV-SL,,ChIJ4fDeyAShTAkRSt4J6i3z3DE,2021-06-22,-50,,-23,-74,-51,
CV,Cape Verde,Sal,,,CV-SL,,ChIJ4fDeyAShTAkRSt4J6i3z3DE,2021-06-23,-48,,-22,-74,-50,
CV,Cape Verde,Sal,,,CV-SL,,ChIJ4fDeyAShTAkRSt4J6i3z3DE,2021-06-24,-48,,-19,-62,-51,
CV,Cape Verde,Sal,,,CV-SL,,ChIJ4fDeyAShTAkRSt4J6i3z3DE,2021-06-25,-43,,-22,-66,-49,
CV,Cape Verde,Sal,,,CV-SL,,ChIJ4fDeyAShTAkRSt4J6i3z3DE,2021-06-26,-50,,-11,-75,-54,
CV,Cape Verde,Sal,,,CV-SL,,ChIJ4fDeyAShTAkRSt4J6i3z3DE,2021-06-27,-53,,-11,-73,-60,
CV,Cape Verde,Sal,,,CV-SL,,ChIJ4fDeyAShTAkRSt4J6i3z3DE,2021-06-28,-40,,-11,-72,-48,
CV,Cape Verde,Sal,,,CV-SL,,ChIJ4fDeyAShTAkRSt4J6i3z3DE,2021-06-29,-47,,-13,-75,-50,
CV,Cape Verde,Sal,,,CV-SL,,ChIJ4fDeyAShTAkRSt4J6i3z3DE,2021-06-30,-45,,-18,-76,-52,
CV,Cape Verde,Sal,,,CV-SL,,ChIJ4fDeyAShTAkRSt4J6i3z3DE,2021-07-01,-42,,-11,-66,-52,
CV,Cape Verde,Sal,,,CV-SL,,ChIJ4fDeyAShTAkRSt4J6i3z3DE,2021-07-02,-49,,-19,-65,-53,
CV,Cape Verde,Sal,,,CV-SL,,ChIJ4fDeyAShTAkRSt4J6i3z3DE,2021-07-03,-49,,-12,-73,-53,
CV,Cape Verde,Sal,,,CV-SL,,ChIJ4fDeyAShTAkRSt4J6i3z3DE,2021-07-04,-47,,-2,-74,-58,
CV,Cape Verde,Sal,,,CV-SL,,ChIJ4fDeyAShTAkRSt4J6i3z3DE,2021-07-05,-56,,-15,,-72,
CV,Cape Verde,Sal,,,CV-SL,,ChIJ4fDeyAShTAkRSt4J6i3z3DE,2021-07-06,-47,,-16,-69,-50,
CV,Cape Verde,Sal,,,CV-SL,,ChIJ4fDeyAShTAkRSt4J6i3z3DE,2021-07-07,-45,,-18,-78,-50,
CV,Cape Verde,Sal,,,CV-SL,,ChIJ4fDeyAShTAkRSt4J6i3z3DE,2021-07-08,-46,,-10,-60,-51,
CV,Cape Verde,Sal,,,CV-SL,,ChIJ4fDeyAShTAkRSt4J6i3z3DE,2021-07-09,-48,,-17,-63,-50,
CV,Cape Verde,Sal,,,CV-SL,,ChIJ4fDeyAShTAkRSt4J6i3z3DE,2021-07-10,-46,,-15,-80,-57,
CV,Cape Verde,Sal,,,CV-SL,,ChIJ4fDeyAShTAkRSt4J6i3z3DE,2021-07-11,-54,,-11,-71,-57,
CV,Cape Verde,Sal,,,CV-SL,,ChIJ4fDeyAShTAkRSt4J6i3z3DE,2021-07-12,-47,,-8,-78,-49,
CV,Cape Verde,Sal,,,CV-SL,,ChIJ4fDeyAShTAkRSt4J6i3z3DE,2021-07-13,-45,,-16,-68,-54,
CV,Cape Verde,Sal,,,CV-SL,,ChIJ4fDeyAShTAkRSt4J6i3z3DE,2021-07-14,-46,,-10,-80,-50,
CV,Cape Verde,Sal,,,CV-SL,,ChIJ4fDeyAShTAkRSt4J6i3z3DE,2021-07-15,-42,,-10,-61,-50,
CV,Cape Verde,Sal,,,CV-SL,,ChIJ4fDeyAShTAkRSt4J6i3z3DE,2021-07-16,-42,,-8,-60,-49,
CV,Cape Verde,Sal,,,CV-SL,,ChIJ4fDeyAShTAkRSt4J6i3z3DE,2021-07-17,-44,,-9,-82,-59,
CV,Cape Verde,Sal,,,CV-SL,,ChIJ4fDeyAShTAkRSt4J6i3z3DE,2021-07-18,-51,,-8,-68,-59,
CV,Cape Verde,Sal,,,CV-SL,,ChIJ4fDeyAShTAkRSt4J6i3z3DE,2021-07-19,-42,,-11,-79,-51,
CV,Cape Verde,Sal,,,CV-SL,,ChIJ4fDeyAShTAkRSt4J6i3z3DE,2021-07-20,-44,,-11,-60,-52,
CV,Cape Verde,Sal,,,CV-SL,,ChIJ4fDeyAShTAkRSt4J6i3z3DE,2021-07-21,-43,,-12,-76,-51,
CV,Cape Verde,Sal,,,CV-SL,,ChIJ4fDeyAShTAkRSt4J6i3z3DE,2021-07-22,-43,,-14,-64,-48,
CV,Cape Verde,Sal,,,CV-SL,,ChIJ4fDeyAShTAkRSt4J6i3z3DE,2021-07-23,-44,,-20,-60,-49,
CV,Cape Verde,Sal,,,CV-SL,,ChIJ4fDeyAShTAkRSt4J6i3z3DE,2021-07-24,-45,,-13,-65,-51,
CV,Cape Verde,Sal,,,CV-SL,,ChIJ4fDeyAShTAkRSt4J6i3z3DE,2021-07-25,-49,,-7,-64,-58,
CV,Cape Verde,Sal,,,CV-SL,,ChIJ4fDeyAShTAkRSt4J6i3z3DE,2021-07-26,-39,,-7,-74,-48,
CV,Cape Verde,Sal,,,CV-SL,,ChIJ4fDeyAShTAkRSt4J6i3z3DE,2021-07-27,-41,,-13,-61,-51,
CV,Cape Verde,Sal,,,CV-SL,,ChIJ4fDeyAShTAkRSt4J6i3z3DE,2021-07-28,-39,,-9,-71,-52,
CV,Cape Verde,Sal,,,CV-SL,,ChIJ4fDeyAShTAkRSt4J6i3z3DE,2021-07-29,-41,,-8,-61,-48,
CV,Cape Verde,Sal,,,CV-SL,,ChIJ4fDeyAShTAkRSt4J6i3z3DE,2021-07-30,-41,,-9,-58,-50,
CV,Cape Verde,Sal,,,CV-SL,,ChIJ4fDeyAShTAkRSt4J6i3z3DE,2021-07-31,-43,,-9,-63,-56,
CV,Cape Verde,Sal,,,CV-SL,,ChIJ4fDeyAShTAkRSt4J6i3z3DE,2021-08-01,-46,,1,-66,-54,
CV,Cape Verde,Sal,,,CV-SL,,ChIJ4fDeyAShTAkRSt4J6i3z3DE,2021-08-02,-36,,-8,-74,-48,
CV,Cape Verde,Sal,,,CV-SL,,ChIJ4fDeyAShTAkRSt4J6i3z3DE,2021-08-03,-38,,-8,-58,-51,
CV,Cape Verde,Sal,,,CV-SL,,ChIJ4fDeyAShTAkRSt4J6i3z3DE,2021-08-04,-39,,-4,-72,-47,
CV,Cape Verde,Sal,,,CV-SL,,ChIJ4fDeyAShTAkRSt4J6i3z3DE,2021-08-05,-42,,6,-56,-51,
CV,Cape Verde,Sal,,,CV-SL,,ChIJ4fDeyAShTAkRSt4J6i3z3DE,2021-08-06,-37,,-10,-56,-50,
CV,Cape Verde,Sal,,,CV-SL,,ChIJ4fDeyAShTAkRSt4J6i3z3DE,2021-08-07,-41,,-6,-60,-53,
CV,Cape Verde,Sal,,,CV-SL,,ChIJ4fDeyAShTAkRSt4J6i3z3DE,2021-08-08,-50,,3,-71,-55,
CV,Cape Verde,Sal,,,CV-SL,,ChIJ4fDeyAShTAkRSt4J6i3z3DE,2021-08-09,-35,,4,-74,-49,
CV,Cape Verde,Sal,,,CV-SL,,ChIJ4fDeyAShTAkRSt4J6i3z3DE,2021-08-10,-37,,-4,-57,-52,
CV,Cape Verde,Sal,,,CV-SL,,ChIJ4fDeyAShTAkRSt4J6i3z3DE,2021-08-11,-36,,2,-73,-49,
CV,Cape Verde,Sal,,,CV-SL,,ChIJ4fDeyAShTAkRSt4J6i3z3DE,2021-08-12,-40,,-2,-51,-51,
CV,Cape Verde,Sal,,,CV-SL,,ChIJ4fDeyAShTAkRSt4J6i3z3DE,2021-08-13,-37,,-12,-62,-48,
CV,Cape Verde,Sal,,,CV-SL,,ChIJ4fDeyAShTAkRSt4J6i3z3DE,2021-08-14,-41,,-6,-48,-54,
CV,Cape Verde,Sal,,,CV-SL,,ChIJ4fDeyAShTAkRSt4J6i3z3DE,2021-08-15,-46,,-3,-64,-60,
CV,Cape Verde,Sal,,,CV-SL,,ChIJ4fDeyAShTAkRSt4J6i3z3DE,2021-08-16,-35,,-3,-76,-52,
CV,Cape Verde,Sal,,,CV-SL,,ChIJ4fDeyAShTAkRSt4J6i3z3DE,2021-08-17,-40,,0,-58,-53,
CV,Cape Verde,Sal,,,CV-SL,,ChIJ4fDeyAShTAkRSt4J6i3z3DE,2021-08-18,-37,,-4,-70,-50,
CV,Cape Verde,Sal,,,CV-SL,,ChIJ4fDeyAShTAkRSt4J6i3z3DE,2021-08-19,-32,,-2,-59,-49,
CV,Cape Verde,Sal,,,CV-SL,,ChIJ4fDeyAShTAkRSt4J6i3z3DE,2021-08-20,-36,,-10,-58,-49,
CV,Cape Verde,Sal,,,CV-SL,,ChIJ4fDeyAShTAkRSt4J6i3z3DE,2021-08-21,-41,,-3,-54,-52,
CV,Cape Verde,Sal,,,CV-SL,,ChIJ4fDeyAShTAkRSt4J6i3z3DE,2021-08-22,-45,,-1,-68,-56,
CV,Cape Verde,Sal,,,CV-SL,,ChIJ4fDeyAShTAkRSt4J6i3z3DE,2021-08-23,-36,,2,-73,-48,
CV,Cape Verde,Sal,,,CV-SL,,ChIJ4fDeyAShTAkRSt4J6i3z3DE,2021-08-24,-37,,-6,-57,-49,
CV,Cape Verde,Sal,,,CV-SL,,ChIJ4fDeyAShTAkRSt4J6i3z3DE,2021-08-25,-38,,-7,-72,-52,
CV,Cape Verde,Sal,,,CV-SL,,ChIJ4fDeyAShTAkRSt4J6i3z3DE,2021-08-26,-36,,-4,-59,-50,
CV,Cape Verde,Sal,,,CV-SL,,ChIJ4fDeyAShTAkRSt4J6i3z3DE,2021-08-27,-38,,-9,-58,-49,
CV,Cape Verde,Sal,,,CV-SL,,ChIJ4fDeyAShTAkRSt4J6i3z3DE,2021-08-28,-38,,-8,-57,-53,
CV,Cape Verde,Sal,,,CV-SL,,ChIJ4fDeyAShTAkRSt4J6i3z3DE,2021-08-29,-47,,0,-65,-53,
CV,Cape Verde,Sal,,,CV-SL,,ChIJ4fDeyAShTAkRSt4J6i3z3DE,2021-08-30,-36,,-1,-75,-48,
CV,Cape Verde,Sal,,,CV-SL,,ChIJ4fDeyAShTAkRSt4J6i3z3DE,2021-08-31,-35,,-7,-58,-49,
CV,Cape Verde,Sal,,,CV-SL,,ChIJ4fDeyAShTAkRSt4J6i3z3DE,2021-09-01,-32,,-2,-73,-47,
CV,Cape Verde,Sal,,,CV-SL,,ChIJ4fDeyAShTAkRSt4J6i3z3DE,2021-09-02,-33,,-4,-60,-46,
CV,Cape Verde,Sal,,,CV-SL,,ChIJ4fDeyAShTAkRSt4J6i3z3DE,2021-09-03,-33,,-3,-43,-44,
CV,Cape Verde,Sal,,,CV-SL,,ChIJ4fDeyAShTAkRSt4J6i3z3DE,2021-09-04,-33,,1,-55,-49,
CV,Cape Verde,Sal,,,CV-SL,,ChIJ4fDeyAShTAkRSt4J6i3z3DE,2021-09-05,-42,,3,-62,-51,
CV,Cape Verde,Sal,,,CV-SL,,ChIJ4fDeyAShTAkRSt4J6i3z3DE,2021-09-06,-31,,5,-65,-41,
CV,Cape Verde,Sal,,,CV-SL,,ChIJ4fDeyAShTAkRSt4J6i3z3DE,2021-09-07,-33,,0,-59,-43,
CV,Cape Verde,Sal,,,CV-SL,,ChIJ4fDeyAShTAkRSt4J6i3z3DE,2021-09-08,-33,,-1,-71,-42,
CV,Cape Verde,Sal,,,CV-SL,,ChIJ4fDeyAShTAkRSt4J6i3z3DE,2021-09-09,-28,,1,-54,-42,
CV,Cape Verde,Sal,,,CV-SL,,ChIJ4fDeyAShTAkRSt4J6i3z3DE,2021-09-10,-34,,-4,-48,-40,
CV,Cape Verde,Sal,,,CV-SL,,ChIJ4fDeyAShTAkRSt4J6i3z3DE,2021-09-11,-46,,-11,-48,-52,
CV,Cape Verde,Sal,,,CV-SL,,ChIJ4fDeyAShTAkRSt4J6i3z3DE,2021-09-12,-47,,-1,-67,-52,
CV,Cape Verde,Sal,,,CV-SL,,ChIJ4fDeyAShTAkRSt4J6i3z3DE,2021-09-13,-30,,4,-65,-41,
CV,Cape Verde,Sal,,,CV-SL,,ChIJ4fDeyAShTAkRSt4J6i3z3DE,2021-09-14,-36,,7,-56,-48,
CV,Cape Verde,Sal,,,CV-SL,,ChIJ4fDeyAShTAkRSt4J6i3z3DE,2021-09-15,-46,,-5,-72,-66,
CV,Cape Verde,Sal,,,CV-SL,,ChIJ4fDeyAShTAkRSt4J6i3z3DE,2021-09-16,-34,,-2,-60,-43,
CV,Cape Verde,Sal,,,CV-SL,,ChIJ4fDeyAShTAkRSt4J6i3z3DE,2021-09-17,-35,,-8,-49,-43,
CV,Cape Verde,Sal,,,CV-SL,,ChIJ4fDeyAShTAkRSt4J6i3z3DE,2021-09-18,-37,,-5,-48,-47,
CV,Cape Verde,Sal,,,CV-SL,,ChIJ4fDeyAShTAkRSt4J6i3z3DE,2021-09-19,-54,,-12,-64,-57,
CV,Cape Verde,Sal,,,CV-SL,,ChIJ4fDeyAShTAkRSt4J6i3z3DE,2021-09-20,-36,,1,-65,-41,
CV,Cape Verde,Sal,,,CV-SL,,ChIJ4fDeyAShTAkRSt4J6i3z3DE,2021-09-21,-32,,3,-60,-44,
CV,Cape Verde,Sal,,,CV-SL,,ChIJ4fDeyAShTAkRSt4J6i3z3DE,2021-09-22,-34,,6,-70,-42,
CV,Cape Verde,Sal,,,CV-SL,,ChIJ4fDeyAShTAkRSt4J6i3z3DE,2021-09-23,-33,,4,-65,-42,
CV,Cape Verde,Sal,,,CV-SL,,ChIJ4fDeyAShTAkRSt4J6i3z3DE,2021-09-24,-32,,-3,-52,-41,
CV,Cape Verde,Sal,,,CV-SL,,ChIJ4fDeyAShTAkRSt4J6i3z3DE,2021-09-25,-36,,-12,-50,-46,
CV,Cape Verde,Sal,,,CV-SL,,ChIJ4fDeyAShTAkRSt4J6i3z3DE,2021-09-26,-45,,-9,-64,-52,
CV,Cape Verde,Sal,,,CV-SL,,ChIJ4fDeyAShTAkRSt4J6i3z3DE,2021-09-27,-36,,-5,-61,-39,
CV,Cape Verde,Sal,,,CV-SL,,ChIJ4fDeyAShTAkRSt4J6i3z3DE,2021-09-28,-38,,-5,-53,-43,
CV,Cape Verde,Sal,,,CV-SL,,ChIJ4fDeyAShTAkRSt4J6i3z3DE,2021-09-29,-36,,-9,-71,-44,
CV,Cape Verde,Sal,,,CV-SL,,ChIJ4fDeyAShTAkRSt4J6i3z3DE,2021-09-30,-29,,0,-65,-46,
CV,Cape Verde,Sal,,,CV-SL,,ChIJ4fDeyAShTAkRSt4J6i3z3DE,2021-10-01,-30,,-10,-71,-42,
CV,Cape Verde,Sal,,,CV-SL,,ChIJ4fDeyAShTAkRSt4J6i3z3DE,2021-10-02,-33,,-11,-38,-46,
CV,Cape Verde,Sal,,,CV-SL,,ChIJ4fDeyAShTAkRSt4J6i3z3DE,2021-10-03,-42,,-10,-67,-52,
CV,Cape Verde,Sal,,,CV-SL,,ChIJ4fDeyAShTAkRSt4J6i3z3DE,2021-10-04,-31,,3,-69,-38,
CV,Cape Verde,Sal,,,CV-SL,,ChIJ4fDeyAShTAkRSt4J6i3z3DE,2021-10-05,-33,,-6,-62,-40,
CV,Cape Verde,Sal,,,CV-SL,,ChIJ4fDeyAShTAkRSt4J6i3z3DE,2021-10-06,-31,,0,-71,-43,
CV,Cape Verde,Sal,,,CV-SL,,ChIJ4fDeyAShTAkRSt4J6i3z3DE,2021-10-07,-33,,-1,-60,-35,
CV,Cape Verde,Sal,,,CV-SL,,ChIJ4fDeyAShTAkRSt4J6i3z3DE,2021-10-08,-37,,-9,-64,-38,
CV,Cape Verde,Sal,,,CV-SL,,ChIJ4fDeyAShTAkRSt4J6i3z3DE,2021-10-09,-36,,-13,-42,-45,
CV,Cape Verde,Sal,,,CV-SL,,ChIJ4fDeyAShTAkRSt4J6i3z3DE,2021-10-10,-45,,-17,-64,-49,
CV,Cape Verde,Sal,,,CV-SL,,ChIJ4fDeyAShTAkRSt4J6i3z3DE,2021-10-11,-34,,-6,-70,-36,
CV,Cape Verde,Sal,,,CV-SL,,ChIJ4fDeyAShTAkRSt4J6i3z3DE,2021-10-12,-37,,-17,-69,-40,
CV,Cape Verde,Sal,,,CV-SL,,ChIJ4fDeyAShTAkRSt4J6i3z3DE,2021-10-13,-40,,-9,-73,-40,
CV,Cape Verde,Sal,,,CV-SL,,ChIJ4fDeyAShTAkRSt4J6i3z3DE,2021-10-14,-39,,-15,-57,-38,
CV,Cape Verde,Sal,,,CV-SL,,ChIJ4fDeyAShTAkRSt4J6i3z3DE,2021-10-15,-34,,-16,-60,-37,
CV,Cape Verde,Sal,,,CV-SL,,ChIJ4fDeyAShTAkRSt4J6i3z3DE,2021-10-16,-38,,-14,-60,-49,
CV,Cape Verde,Sal,,,CV-SL,,ChIJ4fDeyAShTAkRSt4J6i3z3DE,2021-10-17,-40,,-10,-65,-53,
CV,Cape Verde,Sal,,,CV-SL,,ChIJ4fDeyAShTAkRSt4J6i3z3DE,2021-10-18,-38,,-5,-69,-44,
CV,Cape Verde,São Vicente,,,CV-SV,,ChIJlz7KsgsfTwkRU9B_Jt9wTVc,2021-01-01,-33,,,,-74,
CV,Cape Verde,São Vicente,,,CV-SV,,ChIJlz7KsgsfTwkRU9B_Jt9wTVc,2021-01-02,,,,,-40,
CV,Cape Verde,São Vicente,,,CV-SV,,ChIJlz7KsgsfTwkRU9B_Jt9wTVc,2021-01-03,,,,,-23,
CV,Cape Verde,São Vicente,,,CV-SV,,ChIJlz7KsgsfTwkRU9B_Jt9wTVc,2021-01-04,,,,,-26,
CV,Cape Verde,São Vicente,,,CV-SV,,ChIJlz7KsgsfTwkRU9B_Jt9wTVc,2021-01-05,,,,,-23,
CV,Cape Verde,São Vicente,,,CV-SV,,ChIJlz7KsgsfTwkRU9B_Jt9wTVc,2021-01-06,,,,,-15,
CV,Cape Verde,São Vicente,,,CV-SV,,ChIJlz7KsgsfTwkRU9B_Jt9wTVc,2021-01-07,,,,,-10,
CV,Cape Verde,São Vicente,,,CV-SV,,ChIJlz7KsgsfTwkRU9B_Jt9wTVc,2021-01-08,,,,,-13,
CV,Cape Verde,São Vicente,,,CV-SV,,ChIJlz7KsgsfTwkRU9B_Jt9wTVc,2021-01-09,,,,,-20,
CV,Cape Verde,São Vicente,,,CV-SV,,ChIJlz7KsgsfTwkRU9B_Jt9wTVc,2021-01-10,,,,,-33,
CV,Cape Verde,São Vicente,,,CV-SV,,ChIJlz7KsgsfTwkRU9B_Jt9wTVc,2021-01-11,,,,,-10,
CV,Cape Verde,São Vicente,,,CV-SV,,ChIJlz7KsgsfTwkRU9B_Jt9wTVc,2021-01-12,,,,,-13,
CV,Cape Verde,São Vicente,,,CV-SV,,ChIJlz7KsgsfTwkRU9B_Jt9wTVc,2021-01-13,-42,,,,-69,
CV,Cape Verde,São Vicente,,,CV-SV,,ChIJlz7KsgsfTwkRU9B_Jt9wTVc,2021-01-14,,,,,-24,
CV,Cape Verde,São Vicente,,,CV-SV,,ChIJlz7KsgsfTwkRU9B_Jt9wTVc,2021-01-15,-28,,,,-25,
CV,Cape Verde,São Vicente,,,CV-SV,,ChIJlz7KsgsfTwkRU9B_Jt9wTVc,2021-01-16,,,,,-42,
CV,Cape Verde,São Vicente,,,CV-SV,,ChIJlz7KsgsfTwkRU9B_Jt9wTVc,2021-01-17,,,,,-40,
CV,Cape Verde,São Vicente,,,CV-SV,,ChIJlz7KsgsfTwkRU9B_Jt9wTVc,2021-01-18,,,,,-27,
CV,Cape Verde,São Vicente,,,CV-SV,,ChIJlz7KsgsfTwkRU9B_Jt9wTVc,2021-01-19,,,,,-27,
CV,Cape Verde,São Vicente,,,CV-SV,,ChIJlz7KsgsfTwkRU9B_Jt9wTVc,2021-01-20,-50,,,,-72,
CV,Cape Verde,São Vicente,,,CV-SV,,ChIJlz7KsgsfTwkRU9B_Jt9wTVc,2021-01-21,,,,,-31,
CV,Cape Verde,São Vicente,,,CV-SV,,ChIJlz7KsgsfTwkRU9B_Jt9wTVc,2021-01-22,-47,,,,-72,
CV,Cape Verde,São Vicente,,,CV-SV,,ChIJlz7KsgsfTwkRU9B_Jt9wTVc,2021-01-23,,,,,-37,
CV,Cape Verde,São Vicente,,,CV-SV,,ChIJlz7KsgsfTwkRU9B_Jt9wTVc,2021-01-24,,,,,-40,
CV,Cape Verde,São Vicente,,,CV-SV,,ChIJlz7KsgsfTwkRU9B_Jt9wTVc,2021-01-25,,,,,-24,
CV,Cape Verde,São Vicente,,,CV-SV,,ChIJlz7KsgsfTwkRU9B_Jt9wTVc,2021-01-26,,,,,-25,
CV,Cape Verde,São Vicente,,,CV-SV,,ChIJlz7KsgsfTwkRU9B_Jt9wTVc,2021-01-27,,,,,-23,
CV,Cape Verde,São Vicente,,,CV-SV,,ChIJlz7KsgsfTwkRU9B_Jt9wTVc,2021-01-28,,,,,-24,
CV,Cape Verde,São Vicente,,,CV-SV,,ChIJlz7KsgsfTwkRU9B_Jt9wTVc,2021-01-29,-24,,,,-23,
CV,Cape Verde,São Vicente,,,CV-SV,,ChIJlz7KsgsfTwkRU9B_Jt9wTVc,2021-01-30,,,,,-34,
CV,Cape Verde,São Vicente,,,CV-SV,,ChIJlz7KsgsfTwkRU9B_Jt9wTVc,2021-01-31,,,,,-39,
CV,Cape Verde,São Vicente,,,CV-SV,,ChIJlz7KsgsfTwkRU9B_Jt9wTVc,2021-02-01,,,,,-24,
CV,Cape Verde,São Vicente,,,CV-SV,,ChIJlz7KsgsfTwkRU9B_Jt9wTVc,2021-02-02,,,,,-29,
CV,Cape Verde,São Vicente,,,CV-SV,,ChIJlz7KsgsfTwkRU9B_Jt9wTVc,2021-02-03,,,,,-28,
CV,Cape Verde,São Vicente,,,CV-SV,,ChIJlz7KsgsfTwkRU9B_Jt9wTVc,2021-02-04,,,,,-27,
CV,Cape Verde,São Vicente,,,CV-SV,,ChIJlz7KsgsfTwkRU9B_Jt9wTVc,2021-02-05,-33,,,,-25,
CV,Cape Verde,São Vicente,,,CV-SV,,ChIJlz7KsgsfTwkRU9B_Jt9wTVc,2021-02-06,,,,,-37,
CV,Cape Verde,São Vicente,,,CV-SV,,ChIJlz7KsgsfTwkRU9B_Jt9wTVc,2021-02-07,,,,,-38,
CV,Cape Verde,São Vicente,,,CV-SV,,ChIJlz7KsgsfTwkRU9B_Jt9wTVc,2021-02-08,,,,,-25,
CV,Cape Verde,São Vicente,,,CV-SV,,ChIJlz7KsgsfTwkRU9B_Jt9wTVc,2021-02-09,,,,,-26,
CV,Cape Verde,São Vicente,,,CV-SV,,ChIJlz7KsgsfTwkRU9B_Jt9wTVc,2021-02-10,,,,,-27,
CV,Cape Verde,São Vicente,,,CV-SV,,ChIJlz7KsgsfTwkRU9B_Jt9wTVc,2021-02-11,-36,,,,-26,
CV,Cape Verde,São Vicente,,,CV-SV,,ChIJlz7KsgsfTwkRU9B_Jt9wTVc,2021-02-12,-33,,,,-26,
CV,Cape Verde,São Vicente,,,CV-SV,,ChIJlz7KsgsfTwkRU9B_Jt9wTVc,2021-02-13,,,,,-38,
CV,Cape Verde,São Vicente,,,CV-SV,,ChIJlz7KsgsfTwkRU9B_Jt9wTVc,2021-02-14,,,,,-41,
CV,Cape Verde,São Vicente,,,CV-SV,,ChIJlz7KsgsfTwkRU9B_Jt9wTVc,2021-02-15,,,,,-36,
CV,Cape Verde,São Vicente,,,CV-SV,,ChIJlz7KsgsfTwkRU9B_Jt9wTVc,2021-02-16,,,,,-37,
CV,Cape Verde,São Vicente,,,CV-SV,,ChIJlz7KsgsfTwkRU9B_Jt9wTVc,2021-02-17,-39,,,,-38,
CV,Cape Verde,São Vicente,,,CV-SV,,ChIJlz7KsgsfTwkRU9B_Jt9wTVc,2021-02-18,-38,,,,-27,
CV,Cape Verde,São Vicente,,,CV-SV,,ChIJlz7KsgsfTwkRU9B_Jt9wTVc,2021-02-19,-28,,,,-27,
CV,Cape Verde,São Vicente,,,CV-SV,,ChIJlz7KsgsfTwkRU9B_Jt9wTVc,2021-02-20,,,,,-35,
CV,Cape Verde,São Vicente,,,CV-SV,,ChIJlz7KsgsfTwkRU9B_Jt9wTVc,2021-02-21,,,,,-39,
CV,Cape Verde,São Vicente,,,CV-SV,,ChIJlz7KsgsfTwkRU9B_Jt9wTVc,2021-02-22,,,,,-28,
CV,Cape Verde,São Vicente,,,CV-SV,,ChIJlz7KsgsfTwkRU9B_Jt9wTVc,2021-02-23,-37,,,,-25,
CV,Cape Verde,São Vicente,,,CV-SV,,ChIJlz7KsgsfTwkRU9B_Jt9wTVc,2021-02-24,,,,,-26,
CV,Cape Verde,São Vicente,,,CV-SV,,ChIJlz7KsgsfTwkRU9B_Jt9wTVc,2021-02-25,-39,,,,-26,
CV,Cape Verde,São Vicente,,,CV-SV,,ChIJlz7KsgsfTwkRU9B_Jt9wTVc,2021-02-26,-27,,,,-26,
CV,Cape Verde,São Vicente,,,CV-SV,,ChIJlz7KsgsfTwkRU9B_Jt9wTVc,2021-02-27,,,,,-36,
CV,Cape Verde,São Vicente,,,CV-SV,,ChIJlz7KsgsfTwkRU9B_Jt9wTVc,2021-02-28,,,,,-33,
CV,Cape Verde,São Vicente,,,CV-SV,,ChIJlz7KsgsfTwkRU9B_Jt9wTVc,2021-03-01,,,,,-25,
CV,Cape Verde,São Vicente,,,CV-SV,,ChIJlz7KsgsfTwkRU9B_Jt9wTVc,2021-03-02,,,,,-23,
CV,Cape Verde,São Vicente,,,CV-SV,,ChIJlz7KsgsfTwkRU9B_Jt9wTVc,2021-03-03,,,,,-25,
CV,Cape Verde,São Vicente,,,CV-SV,,ChIJlz7KsgsfTwkRU9B_Jt9wTVc,2021-03-04,,,,,-25,
CV,Cape Verde,São Vicente,,,CV-SV,,ChIJlz7KsgsfTwkRU9B_Jt9wTVc,2021-03-05,-23,,,,-26,
CV,Cape Verde,São Vicente,,,CV-SV,,ChIJlz7KsgsfTwkRU9B_Jt9wTVc,2021-03-06,,,,,-35,
CV,Cape Verde,São Vicente,,,CV-SV,,ChIJlz7KsgsfTwkRU9B_Jt9wTVc,2021-03-07,,,,,-34,
CV,Cape Verde,São Vicente,,,CV-SV,,ChIJlz7KsgsfTwkRU9B_Jt9wTVc,2021-03-08,,,,,-21,
CV,Cape Verde,São Vicente,,,CV-SV,,ChIJlz7KsgsfTwkRU9B_Jt9wTVc,2021-03-09,,-17,,,-23,
CV,Cape Verde,São Vicente,,,CV-SV,,ChIJlz7KsgsfTwkRU9B_Jt9wTVc,2021-03-10,,,,,-21,
CV,Cape Verde,São Vicente,,,CV-SV,,ChIJlz7KsgsfTwkRU9B_Jt9wTVc,2021-03-11,,,,,-23,
CV,Cape Verde,São Vicente,,,CV-SV,,ChIJlz7KsgsfTwkRU9B_Jt9wTVc,2021-03-12,-30,,,,-23,
CV,Cape Verde,São Vicente,,,CV-SV,,ChIJlz7KsgsfTwkRU9B_Jt9wTVc,2021-03-13,,,,,-34,
CV,Cape Verde,São Vicente,,,CV-SV,,ChIJlz7KsgsfTwkRU9B_Jt9wTVc,2021-03-14,,,,,-36,
CV,Cape Verde,São Vicente,,,CV-SV,,ChIJlz7KsgsfTwkRU9B_Jt9wTVc,2021-03-15,,,,,-21,
CV,Cape Verde,São Vicente,,,CV-SV,,ChIJlz7KsgsfTwkRU9B_Jt9wTVc,2021-03-16,,,,,-20,
CV,Cape Verde,São Vicente,,,CV-SV,,ChIJlz7KsgsfTwkRU9B_Jt9wTVc,2021-03-17,,,,,-20,
CV,Cape Verde,São Vicente,,,CV-SV,,ChIJlz7KsgsfTwkRU9B_Jt9wTVc,2021-03-18,,,,,-19,
CV,Cape Verde,São Vicente,,,CV-SV,,ChIJlz7KsgsfTwkRU9B_Jt9wTVc,2021-03-19,-23,,,,-20,
CV,Cape Verde,São Vicente,,,CV-SV,,ChIJlz7KsgsfTwkRU9B_Jt9wTVc,2021-03-20,,,,,-32,
CV,Cape Verde,São Vicente,,,CV-SV,,ChIJlz7KsgsfTwkRU9B_Jt9wTVc,2021-03-21,,,,,-32,
CV,Cape Verde,São Vicente,,,CV-SV,,ChIJlz7KsgsfTwkRU9B_Jt9wTVc,2021-03-22,,,,,-14,
CV,Cape Verde,São Vicente,,,CV-SV,,ChIJlz7KsgsfTwkRU9B_Jt9wTVc,2021-03-23,,,,,-17,
CV,Cape Verde,São Vicente,,,CV-SV,,ChIJlz7KsgsfTwkRU9B_Jt9wTVc,2021-03-24,,,,,-15,
CV,Cape Verde,São Vicente,,,CV-SV,,ChIJlz7KsgsfTwkRU9B_Jt9wTVc,2021-03-25,,,,,-15,
CV,Cape Verde,São Vicente,,,CV-SV,,ChIJlz7KsgsfTwkRU9B_Jt9wTVc,2021-03-26,,,,,-20,
CV,Cape Verde,São Vicente,,,CV-SV,,ChIJlz7KsgsfTwkRU9B_Jt9wTVc,2021-03-27,,,,,-29,
CV,Cape Verde,São Vicente,,,CV-SV,,ChIJlz7KsgsfTwkRU9B_Jt9wTVc,2021-03-28,,,,,-39,
CV,Cape Verde,São Vicente,,,CV-SV,,ChIJlz7KsgsfTwkRU9B_Jt9wTVc,2021-03-29,,,,,-23,
CV,Cape Verde,São Vicente,,,CV-SV,,ChIJlz7KsgsfTwkRU9B_Jt9wTVc,2021-03-30,,,,,-27,
CV,Cape Verde,São Vicente,,,CV-SV,,ChIJlz7KsgsfTwkRU9B_Jt9wTVc,2021-03-31,,,,,-26,
CV,Cape Verde,São Vicente,,,CV-SV,,ChIJlz7KsgsfTwkRU9B_Jt9wTVc,2021-04-01,,,,,-31,
CV,Cape Verde,São Vicente,,,CV-SV,,ChIJlz7KsgsfTwkRU9B_Jt9wTVc,2021-04-02,-52,,,,-72,
CV,Cape Verde,São Vicente,,,CV-SV,,ChIJlz7KsgsfTwkRU9B_Jt9wTVc,2021-04-03,,,,,-37,
CV,Cape Verde,São Vicente,,,CV-SV,,ChIJlz7KsgsfTwkRU9B_Jt9wTVc,2021-04-04,,,,,-28,
CV,Cape Verde,São Vicente,,,CV-SV,,ChIJlz7KsgsfTwkRU9B_Jt9wTVc,2021-04-05,,,,,-24,
CV,Cape Verde,São Vicente,,,CV-SV,,ChIJlz7KsgsfTwkRU9B_Jt9wTVc,2021-04-06,,,,,-24,
CV,Cape Verde,São Vicente,,,CV-SV,,ChIJlz7KsgsfTwkRU9B_Jt9wTVc,2021-04-07,,,,,-16,
CV,Cape Verde,São Vicente,,,CV-SV,,ChIJlz7KsgsfTwkRU9B_Jt9wTVc,2021-04-08,,,,,-13,
CV,Cape Verde,São Vicente,,,CV-SV,,ChIJlz7KsgsfTwkRU9B_Jt9wTVc,2021-04-09,-23,,,,-16,
CV,Cape Verde,São Vicente,,,CV-SV,,ChIJlz7KsgsfTwkRU9B_Jt9wTVc,2021-04-10,,,,,-26,
CV,Cape Verde,São Vicente,,,CV-SV,,ChIJlz7KsgsfTwkRU9B_Jt9wTVc,2021-04-11,,,,,-36,
CV,Cape Verde,São Vicente,,,CV-SV,,ChIJlz7KsgsfTwkRU9B_Jt9wTVc,2021-04-12,,,,,-13,
CV,Cape Verde,São Vicente,,,CV-SV,,ChIJlz7KsgsfTwkRU9B_Jt9wTVc,2021-04-13,,,,,-15,
CV,Cape Verde,São Vicente,,,CV-SV,,ChIJlz7KsgsfTwkRU9B_Jt9wTVc,2021-04-14,,,,,-16,
CV,Cape Verde,São Vicente,,,CV-SV,,ChIJlz7KsgsfTwkRU9B_Jt9wTVc,2021-04-15,,,,,-18,
CV,Cape Verde,São Vicente,,,CV-SV,,ChIJlz7KsgsfTwkRU9B_Jt9wTVc,2021-04-16,-24,,,,-13,
CV,Cape Verde,São Vicente,,,CV-SV,,ChIJlz7KsgsfTwkRU9B_Jt9wTVc,2021-04-17,,,,,-29,
CV,Cape Verde,São Vicente,,,CV-SV,,ChIJlz7KsgsfTwkRU9B_Jt9wTVc,2021-04-18,,,,,-26,
CV,Cape Verde,São Vicente,,,CV-SV,,ChIJlz7KsgsfTwkRU9B_Jt9wTVc,2021-04-19,,,,,-23,
CV,Cape Verde,São Vicente,,,CV-SV,,ChIJlz7KsgsfTwkRU9B_Jt9wTVc,2021-04-20,,,,,-14,
CV,Cape Verde,São Vicente,,,CV-SV,,ChIJlz7KsgsfTwkRU9B_Jt9wTVc,2021-04-21,,,,,-15,
CV,Cape Verde,São Vicente,,,CV-SV,,ChIJlz7KsgsfTwkRU9B_Jt9wTVc,2021-04-22,,,,,-10,
CV,Cape Verde,São Vicente,,,CV-SV,,ChIJlz7KsgsfTwkRU9B_Jt9wTVc,2021-04-23,-25,,,,-30,
CV,Cape Verde,São Vicente,,,CV-SV,,ChIJlz7KsgsfTwkRU9B_Jt9wTVc,2021-04-24,,,,,-28,
CV,Cape Verde,São Vicente,,,CV-SV,,ChIJlz7KsgsfTwkRU9B_Jt9wTVc,2021-04-25,,,,,-32,
CV,Cape Verde,São Vicente,,,CV-SV,,ChIJlz7KsgsfTwkRU9B_Jt9wTVc,2021-04-26,,,,,-9,
CV,Cape Verde,São Vicente,,,CV-SV,,ChIJlz7KsgsfTwkRU9B_Jt9wTVc,2021-04-27,,,,,-12,
CV,Cape Verde,São Vicente,,,CV-SV,,ChIJlz7KsgsfTwkRU9B_Jt9wTVc,2021-04-28,,,,,-12,
CV,Cape Verde,São Vicente,,,CV-SV,,ChIJlz7KsgsfTwkRU9B_Jt9wTVc,2021-04-29,,,,,-10,
CV,Cape Verde,São Vicente,,,CV-SV,,ChIJlz7KsgsfTwkRU9B_Jt9wTVc,2021-04-30,,,,,-12,
CV,Cape Verde,São Vicente,,,CV-SV,,ChIJlz7KsgsfTwkRU9B_Jt9wTVc,2021-05-01,-39,,,,-61,
CV,Cape Verde,São Vicente,,,CV-SV,,ChIJlz7KsgsfTwkRU9B_Jt9wTVc,2021-05-02,,,,,-32,
CV,Cape Verde,São Vicente,,,CV-SV,,ChIJlz7KsgsfTwkRU9B_Jt9wTVc,2021-05-03,,,,,-10,
CV,Cape Verde,São Vicente,,,CV-SV,,ChIJlz7KsgsfTwkRU9B_Jt9wTVc,2021-05-04,,,,,-7,
CV,Cape Verde,São Vicente,,,CV-SV,,ChIJlz7KsgsfTwkRU9B_Jt9wTVc,2021-05-05,,,,,-10,
CV,Cape Verde,São Vicente,,,CV-SV,,ChIJlz7KsgsfTwkRU9B_Jt9wTVc,2021-05-06,,,,,-13,
CV,Cape Verde,São Vicente,,,CV-SV,,ChIJlz7KsgsfTwkRU9B_Jt9wTVc,2021-05-07,,,,,-13,
CV,Cape Verde,São Vicente,,,CV-SV,,ChIJlz7KsgsfTwkRU9B_Jt9wTVc,2021-05-08,,,,,-22,
CV,Cape Verde,São Vicente,,,CV-SV,,ChIJlz7KsgsfTwkRU9B_Jt9wTVc,2021-05-09,,,,,-35,
CV,Cape Verde,São Vicente,,,CV-SV,,ChIJlz7KsgsfTwkRU9B_Jt9wTVc,2021-05-10,,,,,-10,
CV,Cape Verde,São Vicente,,,CV-SV,,ChIJlz7KsgsfTwkRU9B_Jt9wTVc,2021-05-11,,,,,-11,
CV,Cape Verde,São Vicente,,,CV-SV,,ChIJlz7KsgsfTwkRU9B_Jt9wTVc,2021-05-12,,,,,-12,
CV,Cape Verde,São Vicente,,,CV-SV,,ChIJlz7KsgsfTwkRU9B_Jt9wTVc,2021-05-13,,,,,-13,
CV,Cape Verde,São Vicente,,,CV-SV,,ChIJlz7KsgsfTwkRU9B_Jt9wTVc,2021-05-14,-23,,,,-13,
CV,Cape Verde,São Vicente,,,CV-SV,,ChIJlz7KsgsfTwkRU9B_Jt9wTVc,2021-05-15,,,,,-26,
CV,Cape Verde,São Vicente,,,CV-SV,,ChIJlz7KsgsfTwkRU9B_Jt9wTVc,2021-05-16,,,,,-37,
CV,Cape Verde,São Vicente,,,CV-SV,,ChIJlz7KsgsfTwkRU9B_Jt9wTVc,2021-05-17,,,,,-7,
CV,Cape Verde,São Vicente,,,CV-SV,,ChIJlz7KsgsfTwkRU9B_Jt9wTVc,2021-05-18,,,,,-11,
CV,Cape Verde,São Vicente,,,CV-SV,,ChIJlz7KsgsfTwkRU9B_Jt9wTVc,2021-05-19,,,,,-15,
CV,Cape Verde,São Vicente,,,CV-SV,,ChIJlz7KsgsfTwkRU9B_Jt9wTVc,2021-05-20,,,,,-10,
CV,Cape Verde,São Vicente,,,CV-SV,,ChIJlz7KsgsfTwkRU9B_Jt9wTVc,2021-05-21,,,,,-12,
CV,Cape Verde,São Vicente,,,CV-SV,,ChIJlz7KsgsfTwkRU9B_Jt9wTVc,2021-05-22,,,,,-23,
CV,Cape Verde,São Vicente,,,CV-SV,,ChIJlz7KsgsfTwkRU9B_Jt9wTVc,2021-05-23,,,,,-30,
CV,Cape Verde,São Vicente,,,CV-SV,,ChIJlz7KsgsfTwkRU9B_Jt9wTVc,2021-05-24,,,,,-9,
CV,Cape Verde,São Vicente,,,CV-SV,,ChIJlz7KsgsfTwkRU9B_Jt9wTVc,2021-05-25,,,,,-10,
CV,Cape Verde,São Vicente,,,CV-SV,,ChIJlz7KsgsfTwkRU9B_Jt9wTVc,2021-05-26,,,,,-12,
CV,Cape Verde,São Vicente,,,CV-SV,,ChIJlz7KsgsfTwkRU9B_Jt9wTVc,2021-05-27,,,,,-10,
CV,Cape Verde,São Vicente,,,CV-SV,,ChIJlz7KsgsfTwkRU9B_Jt9wTVc,2021-05-28,,,,,-9,
CV,Cape Verde,São Vicente,,,CV-SV,,ChIJlz7KsgsfTwkRU9B_Jt9wTVc,2021-05-29,,,,,-22,
CV,Cape Verde,São Vicente,,,CV-SV,,ChIJlz7KsgsfTwkRU9B_Jt9wTVc,2021-05-30,,,,,-36,
CV,Cape Verde,São Vicente,,,CV-SV,,ChIJlz7KsgsfTwkRU9B_Jt9wTVc,2021-05-31,,,,,-11,
CV,Cape Verde,São Vicente,,,CV-SV,,ChIJlz7KsgsfTwkRU9B_Jt9wTVc,2021-06-01,,,,,-71,
CV,Cape Verde,São Vicente,,,CV-SV,,ChIJlz7KsgsfTwkRU9B_Jt9wTVc,2021-06-02,,,,,-12,
CV,Cape Verde,São Vicente,,,CV-SV,,ChIJlz7KsgsfTwkRU9B_Jt9wTVc,2021-06-03,,,,,-12,
CV,Cape Verde,São Vicente,,,CV-SV,,ChIJlz7KsgsfTwkRU9B_Jt9wTVc,2021-06-04,,,,,-11,
CV,Cape Verde,São Vicente,,,CV-SV,,ChIJlz7KsgsfTwkRU9B_Jt9wTVc,2021-06-05,,,,,-22,
CV,Cape Verde,São Vicente,,,CV-SV,,ChIJlz7KsgsfTwkRU9B_Jt9wTVc,2021-06-06,,,,,-31,
CV,Cape Verde,São Vicente,,,CV-SV,,ChIJlz7KsgsfTwkRU9B_Jt9wTVc,2021-06-07,,,,,-6,
CV,Cape Verde,São Vicente,,,CV-SV,,ChIJlz7KsgsfTwkRU9B_Jt9wTVc,2021-06-08,,,,,-12,
CV,Cape Verde,São Vicente,,,CV-SV,,ChIJlz7KsgsfTwkRU9B_Jt9wTVc,2021-06-09,,,,,-11,
CV,Cape Verde,São Vicente,,,CV-SV,,ChIJlz7KsgsfTwkRU9B_Jt9wTVc,2021-06-10,,,,,-10,
CV,Cape Verde,São Vicente,,,CV-SV,,ChIJlz7KsgsfTwkRU9B_Jt9wTVc,2021-06-11,,,,,-6,
CV,Cape Verde,São Vicente,,,CV-SV,,ChIJlz7KsgsfTwkRU9B_Jt9wTVc,2021-06-12,,,,,-21,
CV,Cape Verde,São Vicente,,,CV-SV,,ChIJlz7KsgsfTwkRU9B_Jt9wTVc,2021-06-13,,,,,-35,
CV,Cape Verde,São Vicente,,,CV-SV,,ChIJlz7KsgsfTwkRU9B_Jt9wTVc,2021-06-14,,,,,-13,
CV,Cape Verde,São Vicente,,,CV-SV,,ChIJlz7KsgsfTwkRU9B_Jt9wTVc,2021-06-15,,,,,-14,
CV,Cape Verde,São Vicente,,,CV-SV,,ChIJlz7KsgsfTwkRU9B_Jt9wTVc,2021-06-16,,,,,-15,
CV,Cape Verde,São Vicente,,,CV-SV,,ChIJlz7KsgsfTwkRU9B_Jt9wTVc,2021-06-17,,,,,-14,
CV,Cape Verde,São Vicente,,,CV-SV,,ChIJlz7KsgsfTwkRU9B_Jt9wTVc,2021-06-18,,,,,-13,
CV,Cape Verde,São Vicente,,,CV-SV,,ChIJlz7KsgsfTwkRU9B_Jt9wTVc,2021-06-19,,,,,-28,
CV,Cape Verde,São Vicente,,,CV-SV,,ChIJlz7KsgsfTwkRU9B_Jt9wTVc,2021-06-20,,,,,-40,
CV,Cape Verde,São Vicente,,,CV-SV,,ChIJlz7KsgsfTwkRU9B_Jt9wTVc,2021-06-21,,,,,-17,
CV,Cape Verde,São Vicente,,,CV-SV,,ChIJlz7KsgsfTwkRU9B_Jt9wTVc,2021-06-22,,,,,-18,
CV,Cape Verde,São Vicente,,,CV-SV,,ChIJlz7KsgsfTwkRU9B_Jt9wTVc,2021-06-23,,,,,-20,
CV,Cape Verde,São Vicente,,,CV-SV,,ChIJlz7KsgsfTwkRU9B_Jt9wTVc,2021-06-24,,,,,-18,
CV,Cape Verde,São Vicente,,,CV-SV,,ChIJlz7KsgsfTwkRU9B_Jt9wTVc,2021-06-25,,,,,-16,
CV,Cape Verde,São Vicente,,,CV-SV,,ChIJlz7KsgsfTwkRU9B_Jt9wTVc,2021-06-26,,,,,-24,
CV,Cape Verde,São Vicente,,,CV-SV,,ChIJlz7KsgsfTwkRU9B_Jt9wTVc,2021-06-27,,,,,-33,
CV,Cape Verde,São Vicente,,,CV-SV,,ChIJlz7KsgsfTwkRU9B_Jt9wTVc,2021-06-28,,,,,-16,
CV,Cape Verde,São Vicente,,,CV-SV,,ChIJlz7KsgsfTwkRU9B_Jt9wTVc,2021-06-29,,,,,-20,
CV,Cape Verde,São Vicente,,,CV-SV,,ChIJlz7KsgsfTwkRU9B_Jt9wTVc,2021-06-30,,,,,-19,
CV,Cape Verde,São Vicente,,,CV-SV,,ChIJlz7KsgsfTwkRU9B_Jt9wTVc,2021-07-01,,,,,-23,
CV,Cape Verde,São Vicente,,,CV-SV,,ChIJlz7KsgsfTwkRU9B_Jt9wTVc,2021-07-02,,,,,-25,
CV,Cape Verde,São Vicente,,,CV-SV,,ChIJlz7KsgsfTwkRU9B_Jt9wTVc,2021-07-03,,,,,-29,
CV,Cape Verde,São Vicente,,,CV-SV,,ChIJlz7KsgsfTwkRU9B_Jt9wTVc,2021-07-04,,,,,-31,
CV,Cape Verde,São Vicente,,,CV-SV,,ChIJlz7KsgsfTwkRU9B_Jt9wTVc,2021-07-05,,,,,-74,
CV,Cape Verde,São Vicente,,,CV-SV,,ChIJlz7KsgsfTwkRU9B_Jt9wTVc,2021-07-06,,,,,-25,
CV,Cape Verde,São Vicente,,,CV-SV,,ChIJlz7KsgsfTwkRU9B_Jt9wTVc,2021-07-07,,,,,-26,
CV,Cape Verde,São Vicente,,,CV-SV,,ChIJlz7KsgsfTwkRU9B_Jt9wTVc,2021-07-08,,,,,-24,
CV,Cape Verde,São Vicente,,,CV-SV,,ChIJlz7KsgsfTwkRU9B_Jt9wTVc,2021-07-09,,,,,-24,
CV,Cape Verde,São Vicente,,,CV-SV,,ChIJlz7KsgsfTwkRU9B_Jt9wTVc,2021-07-10,,,,,-25,
CV,Cape Verde,São Vicente,,,CV-SV,,ChIJlz7KsgsfTwkRU9B_Jt9wTVc,2021-07-11,,,,,-33,
CV,Cape Verde,São Vicente,,,CV-SV,,ChIJlz7KsgsfTwkRU9B_Jt9wTVc,2021-07-12,,,,,-23,
CV,Cape Verde,São Vicente,,,CV-SV,,ChIJlz7KsgsfTwkRU9B_Jt9wTVc,2021-07-13,,,,,-26,
CV,Cape Verde,São Vicente,,,CV-SV,,ChIJlz7KsgsfTwkRU9B_Jt9wTVc,2021-07-14,,,,,-27,
CV,Cape Verde,São Vicente,,,CV-SV,,ChIJlz7KsgsfTwkRU9B_Jt9wTVc,2021-07-15,,,,,-24,
CV,Cape Verde,São Vicente,,,CV-SV,,ChIJlz7KsgsfTwkRU9B_Jt9wTVc,2021-07-16,,,,,-23,
CV,Cape Verde,São Vicente,,,CV-SV,,ChIJlz7KsgsfTwkRU9B_Jt9wTVc,2021-07-17,,,,,-33,
CV,Cape Verde,São Vicente,,,CV-SV,,ChIJlz7KsgsfTwkRU9B_Jt9wTVc,2021-07-18,,,,,-39,
CV,Cape Verde,São Vicente,,,CV-SV,,ChIJlz7KsgsfTwkRU9B_Jt9wTVc,2021-07-19,,,,,-28,
CV,Cape Verde,São Vicente,,,CV-SV,,ChIJlz7KsgsfTwkRU9B_Jt9wTVc,2021-07-20,,,,,-33,
CV,Cape Verde,São Vicente,,,CV-SV,,ChIJlz7KsgsfTwkRU9B_Jt9wTVc,2021-07-21,,,,,-30,
CV,Cape Verde,São Vicente,,,CV-SV,,ChIJlz7KsgsfTwkRU9B_Jt9wTVc,2021-07-22,,,,,-30,
CV,Cape Verde,São Vicente,,,CV-SV,,ChIJlz7KsgsfTwkRU9B_Jt9wTVc,2021-07-23,,17,,,-29,
CV,Cape Verde,São Vicente,,,CV-SV,,ChIJlz7KsgsfTwkRU9B_Jt9wTVc,2021-07-24,,,,,-32,
CV,Cape Verde,São Vicente,,,CV-SV,,ChIJlz7KsgsfTwkRU9B_Jt9wTVc,2021-07-25,,,,,-35,
CV,Cape Verde,São Vicente,,,CV-SV,,ChIJlz7KsgsfTwkRU9B_Jt9wTVc,2021-07-26,,,,,-29,
CV,Cape Verde,São Vicente,,,CV-SV,,ChIJlz7KsgsfTwkRU9B_Jt9wTVc,2021-07-27,,,,,-29,
CV,Cape Verde,São Vicente,,,CV-SV,,ChIJlz7KsgsfTwkRU9B_Jt9wTVc,2021-07-28,,,,,-28,
CV,Cape Verde,São Vicente,,,CV-SV,,ChIJlz7KsgsfTwkRU9B_Jt9wTVc,2021-07-29,,,,,-29,
CV,Cape Verde,São Vicente,,,CV-SV,,ChIJlz7KsgsfTwkRU9B_Jt9wTVc,2021-07-30,,,,,-31,
CV,Cape Verde,São Vicente,,,CV-SV,,ChIJlz7KsgsfTwkRU9B_Jt9wTVc,2021-07-31,,,,,-30,
CV,Cape Verde,São Vicente,,,CV-SV,,ChIJlz7KsgsfTwkRU9B_Jt9wTVc,2021-08-01,,,,,-35,
CV,Cape Verde,São Vicente,,,CV-SV,,ChIJlz7KsgsfTwkRU9B_Jt9wTVc,2021-08-02,,,,,-29,
CV,Cape Verde,São Vicente,,,CV-SV,,ChIJlz7KsgsfTwkRU9B_Jt9wTVc,2021-08-03,,,,,-32,
CV,Cape Verde,São Vicente,,,CV-SV,,ChIJlz7KsgsfTwkRU9B_Jt9wTVc,2021-08-04,,,,,-32,
CV,Cape Verde,São Vicente,,,CV-SV,,ChIJlz7KsgsfTwkRU9B_Jt9wTVc,2021-08-05,,,,,-31,
CV,Cape Verde,São Vicente,,,CV-SV,,ChIJlz7KsgsfTwkRU9B_Jt9wTVc,2021-08-06,,,,,-35,
CV,Cape Verde,São Vicente,,,CV-SV,,ChIJlz7KsgsfTwkRU9B_Jt9wTVc,2021-08-07,,,,,-35,
CV,Cape Verde,São Vicente,,,CV-SV,,ChIJlz7KsgsfTwkRU9B_Jt9wTVc,2021-08-08,,,,,-32,
CV,Cape Verde,São Vicente,,,CV-SV,,ChIJlz7KsgsfTwkRU9B_Jt9wTVc,2021-08-09,,,,,-28,
CV,Cape Verde,São Vicente,,,CV-SV,,ChIJlz7KsgsfTwkRU9B_Jt9wTVc,2021-08-10,,,,,-33,
CV,Cape Verde,São Vicente,,,CV-SV,,ChIJlz7KsgsfTwkRU9B_Jt9wTVc,2021-08-11,,,,,-29,
CV,Cape Verde,São Vicente,,,CV-SV,,ChIJlz7KsgsfTwkRU9B_Jt9wTVc,2021-08-12,,,,,-33,
CV,Cape Verde,São Vicente,,,CV-SV,,ChIJlz7KsgsfTwkRU9B_Jt9wTVc,2021-08-13,,,,,-33,
CV,Cape Verde,São Vicente,,,CV-SV,,ChIJlz7KsgsfTwkRU9B_Jt9wTVc,2021-08-14,,,,,-33,
CV,Cape Verde,São Vicente,,,CV-SV,,ChIJlz7KsgsfTwkRU9B_Jt9wTVc,2021-08-15,,,,,-35,
CV,Cape Verde,São Vicente,,,CV-SV,,ChIJlz7KsgsfTwkRU9B_Jt9wTVc,2021-08-16,,,,,-37,
CV,Cape Verde,São Vicente,,,CV-SV,,ChIJlz7KsgsfTwkRU9B_Jt9wTVc,2021-08-17,,,,,-36,
CV,Cape Verde,São Vicente,,,CV-SV,,ChIJlz7KsgsfTwkRU9B_Jt9wTVc,2021-08-18,,,,,-35,
CV,Cape Verde,São Vicente,,,CV-SV,,ChIJlz7KsgsfTwkRU9B_Jt9wTVc,2021-08-19,,,,,-37,
CV,Cape Verde,São Vicente,,,CV-SV,,ChIJlz7KsgsfTwkRU9B_Jt9wTVc,2021-08-20,,,,,-35,
CV,Cape Verde,São Vicente,,,CV-SV,,ChIJlz7KsgsfTwkRU9B_Jt9wTVc,2021-08-21,,,,,-34,
CV,Cape Verde,São Vicente,,,CV-SV,,ChIJlz7KsgsfTwkRU9B_Jt9wTVc,2021-08-22,,,,,-35,
CV,Cape Verde,São Vicente,,,CV-SV,,ChIJlz7KsgsfTwkRU9B_Jt9wTVc,2021-08-23,,,,,-35,
CV,Cape Verde,São Vicente,,,CV-SV,,ChIJlz7KsgsfTwkRU9B_Jt9wTVc,2021-08-24,,,,,-35,
CV,Cape Verde,São Vicente,,,CV-SV,,ChIJlz7KsgsfTwkRU9B_Jt9wTVc,2021-08-25,,,,,-34,
CV,Cape Verde,São Vicente,,,CV-SV,,ChIJlz7KsgsfTwkRU9B_Jt9wTVc,2021-08-26,,,,,-34,
CV,Cape Verde,São Vicente,,,CV-SV,,ChIJlz7KsgsfTwkRU9B_Jt9wTVc,2021-08-27,,,,,-33,
CV,Cape Verde,São Vicente,,,CV-SV,,ChIJlz7KsgsfTwkRU9B_Jt9wTVc,2021-08-28,,,,,-29,
CV,Cape Verde,São Vicente,,,CV-SV,,ChIJlz7KsgsfTwkRU9B_Jt9wTVc,2021-08-29,,,,,-28,
CV,Cape Verde,São Vicente,,,CV-SV,,ChIJlz7KsgsfTwkRU9B_Jt9wTVc,2021-08-30,,,,,-32,
CV,Cape Verde,São Vicente,,,CV-SV,,ChIJlz7KsgsfTwkRU9B_Jt9wTVc,2021-08-31,,,,,-31,
CV,Cape Verde,São Vicente,,,CV-SV,,ChIJlz7KsgsfTwkRU9B_Jt9wTVc,2021-09-01,,,,,-31,
CV,Cape Verde,São Vicente,,,CV-SV,,ChIJlz7KsgsfTwkRU9B_Jt9wTVc,2021-09-02,,,,,-28,
CV,Cape Verde,São Vicente,,,CV-SV,,ChIJlz7KsgsfTwkRU9B_Jt9wTVc,2021-09-03,,,,,-24,
CV,Cape Verde,São Vicente,,,CV-SV,,ChIJlz7KsgsfTwkRU9B_Jt9wTVc,2021-09-04,,,,,-25,
CV,Cape Verde,São Vicente,,,CV-SV,,ChIJlz7KsgsfTwkRU9B_Jt9wTVc,2021-09-05,,,,,-23,
CV,Cape Verde,São Vicente,,,CV-SV,,ChIJlz7KsgsfTwkRU9B_Jt9wTVc,2021-09-06,,,,,-23,
CV,Cape Verde,São Vicente,,,CV-SV,,ChIJlz7KsgsfTwkRU9B_Jt9wTVc,2021-09-07,,,,,-24,
CV,Cape Verde,São Vicente,,,CV-SV,,ChIJlz7KsgsfTwkRU9B_Jt9wTVc,2021-09-08,,,,,-25,
CV,Cape Verde,São Vicente,,,CV-SV,,ChIJlz7KsgsfTwkRU9B_Jt9wTVc,2021-09-09,,,,,-23,
CV,Cape Verde,São Vicente,,,CV-SV,,ChIJlz7KsgsfTwkRU9B_Jt9wTVc,2021-09-10,,,,,-23,
CV,Cape Verde,São Vicente,,,CV-SV,,ChIJlz7KsgsfTwkRU9B_Jt9wTVc,2021-09-11,,,,,-23,
CV,Cape Verde,São Vicente,,,CV-SV,,ChIJlz7KsgsfTwkRU9B_Jt9wTVc,2021-09-12,,,,,-30,
CV,Cape Verde,São Vicente,,,CV-SV,,ChIJlz7KsgsfTwkRU9B_Jt9wTVc,2021-09-13,,,,,-27,
CV,Cape Verde,São Vicente,,,CV-SV,,ChIJlz7KsgsfTwkRU9B_Jt9wTVc,2021-09-14,,,,,-29,
CV,Cape Verde,São Vicente,,,CV-SV,,ChIJlz7KsgsfTwkRU9B_Jt9wTVc,2021-09-15,,,,,-27,
CV,Cape Verde,São Vicente,,,CV-SV,,ChIJlz7KsgsfTwkRU9B_Jt9wTVc,2021-09-16,,,,,-29,
CV,Cape Verde,São Vicente,,,CV-SV,,ChIJlz7KsgsfTwkRU9B_Jt9wTVc,2021-09-17,,,,,-28,
CV,Cape Verde,São Vicente,,,CV-SV,,ChIJlz7KsgsfTwkRU9B_Jt9wTVc,2021-09-18,,,,,-27,
CV,Cape Verde,São Vicente,,,CV-SV,,ChIJlz7KsgsfTwkRU9B_Jt9wTVc,2021-09-19,,,,,-37,
CV,Cape Verde,São Vicente,,,CV-SV,,ChIJlz7KsgsfTwkRU9B_Jt9wTVc,2021-09-20,,,,,-25,
CV,Cape Verde,São Vicente,,,CV-SV,,ChIJlz7KsgsfTwkRU9B_Jt9wTVc,2021-09-21,,,,,-26,
CV,Cape Verde,São Vicente,,,CV-SV,,ChIJlz7KsgsfTwkRU9B_Jt9wTVc,2021-09-22,,,,,-22,
CV,Cape Verde,São Vicente,,,CV-SV,,ChIJlz7KsgsfTwkRU9B_Jt9wTVc,2021-09-23,,,,,-22,
CV,Cape Verde,São Vicente,,,CV-SV,,ChIJlz7KsgsfTwkRU9B_Jt9wTVc,2021-09-24,,,,,-19,
CV,Cape Verde,São Vicente,,,CV-SV,,ChIJlz7KsgsfTwkRU9B_Jt9wTVc,2021-09-25,,,,,-25,
CV,Cape Verde,São Vicente,,,CV-SV,,ChIJlz7KsgsfTwkRU9B_Jt9wTVc,2021-09-26,,,,,-28,
CV,Cape Verde,São Vicente,,,CV-SV,,ChIJlz7KsgsfTwkRU9B_Jt9wTVc,2021-09-27,,,,,-17,
CV,Cape Verde,São Vicente,,,CV-SV,,ChIJlz7KsgsfTwkRU9B_Jt9wTVc,2021-09-28,,,,,-21,
CV,Cape Verde,São Vicente,,,CV-SV,,ChIJlz7KsgsfTwkRU9B_Jt9wTVc,2021-09-29,,,,,-21,
CV,Cape Verde,São Vicente,,,CV-SV,,ChIJlz7KsgsfTwkRU9B_Jt9wTVc,2021-09-30,,,,,-18,
CV,Cape Verde,São Vicente,,,CV-SV,,ChIJlz7KsgsfTwkRU9B_Jt9wTVc,2021-10-01,,25,,,-16,
CV,Cape Verde,São Vicente,,,CV-SV,,ChIJlz7KsgsfTwkRU9B_Jt9wTVc,2021-10-02,,,,,-25,
CV,Cape Verde,São Vicente,,,CV-SV,,ChIJlz7KsgsfTwkRU9B_Jt9wTVc,2021-10-03,,,,,-28,
CV,Cape Verde,São Vicente,,,CV-SV,,ChIJlz7KsgsfTwkRU9B_Jt9wTVc,2021-10-04,,,,,-13,
CV,Cape Verde,São Vicente,,,CV-SV,,ChIJlz7KsgsfTwkRU9B_Jt9wTVc,2021-10-05,,,,,-18,
CV,Cape Verde,São Vicente,,,CV-SV,,ChIJlz7KsgsfTwkRU9B_Jt9wTVc,2021-10-06,,,,,-15,
CV,Cape Verde,São Vicente,,,CV-SV,,ChIJlz7KsgsfTwkRU9B_Jt9wTVc,2021-10-07,,,,,-13,
CV,Cape Verde,São Vicente,,,CV-SV,,ChIJlz7KsgsfTwkRU9B_Jt9wTVc,2021-10-08,,,,,-14,
CV,Cape Verde,São Vicente,,,CV-SV,,ChIJlz7KsgsfTwkRU9B_Jt9wTVc,2021-10-09,,,,,-19,
CV,Cape Verde,São Vicente,,,CV-SV,,ChIJlz7KsgsfTwkRU9B_Jt9wTVc,2021-10-10,,,,,-21,
CV,Cape Verde,São Vicente,,,CV-SV,,ChIJlz7KsgsfTwkRU9B_Jt9wTVc,2021-10-11,,22,,,-9,
CV,Cape Verde,São Vicente,,,CV-SV,,ChIJlz7KsgsfTwkRU9B_Jt9wTVc,2021-10-12,,,,,-12,
CV,Cape Verde,São Vicente,,,CV-SV,,ChIJlz7KsgsfTwkRU9B_Jt9wTVc,2021-10-13,,,,,-13,
CV,Cape Verde,São Vicente,,,CV-SV,,ChIJlz7KsgsfTwkRU9B_Jt9wTVc,2021-10-14,,,,,-12,
CV,Cape Verde,São Vicente,,,CV-SV,,ChIJlz7KsgsfTwkRU9B_Jt9wTVc,2021-10-15,,,,,-10,
CV,Cape Verde,São Vicente,,,CV-SV,,ChIJlz7KsgsfTwkRU9B_Jt9wTVc,2021-10-16,,,,,-26,
CV,Cape Verde,São Vicente,,,CV-SV,,ChIJlz7KsgsfTwkRU9B_Jt9wTVc,2021-10-17,,,,,-27,
CV,Cape Verde,São Vicente,,,CV-SV,,ChIJlz7KsgsfTwkRU9B_Jt9wTVc,2021-10-18,,,,,-22,
